TutorId,CourseCodCourse
e5bf1cfa-55c3-49bb-8b99-db8eafb2ca25,250
ab723792-6a03-49fa-8eab-51748eb20237,311
e5bf1cfa-55c3-49bb-8b99-db8eafb2ca25,250
8caf132d-e88a-46e7-81a9-0466a9a6c167,311
e5bf1cfa-55c3-49bb-8b99-db8eafb2ca25,250
ab723792-6a03-49fa-8eab-51748eb20237,311
e5bf1cfa-55c3-49bb-8b99-db8eafb2ca25,250
8caf132d-e88a-46e7-81a9-0466a9a6c167,311
e5bf1cfa-55c3-49bb-8b99-db8eafb2ca25,250
86bb6987-d05f-4cd1-8ddc-10ff06901012,250
86bb6987-d05f-4cd1-8ddc-10ff06901012,250
86bb6987-d05f-4cd1-8ddc-10ff06901012,250
86bb6987-d05f-4cd1-8ddc-10ff06901012,250
89cffc9d-c243-4a5c-a87e-2f2615293f06,252
ab723792-6a03-49fa-8eab-51748eb20237,322
8caf132d-e88a-46e7-81a9-0466a9a6c167,324
43d9bcd5-4870-4eed-ab52-1316876e5bac,458
0df84a6e-3e59-402c-a551-693dd87a3916,1035
05ff3077-0edb-4929-8a35-32f048072b4c,300
43d9bcd5-4870-4eed-ab52-1316876e5bac,302
e5400a33-9479-4ac1-a56a-a63e50305a3b,453
678491a0-c85b-4e1a-8e71-654a8d5c71c4,80
678491a0-c85b-4e1a-8e71-654a8d5c71c4,82
2250d727-5cfb-4e01-87ef-4bd35e5cbda4,84
6419716f-7095-4cd9-b482-1d5fb4a73866,550
0013bcab-3895-48ad-8d19-708a3dda166d,550
0df84a6e-3e59-402c-a551-693dd87a3916,1035
e5bf1cfa-55c3-49bb-8b99-db8eafb2ca25,250
05ff3077-0edb-4929-8a35-32f048072b4c,300
0df84a6e-3e59-402c-a551-693dd87a3916,1035
e5bf1cfa-55c3-49bb-8b99-db8eafb2ca25,250
1d53fcea-c24a-4d90-90c6-ef7d79732ae7,300
e5bf1cfa-55c3-49bb-8b99-db8eafb2ca25,250
1d53fcea-c24a-4d90-90c6-ef7d79732ae7,300
0df84a6e-3e59-402c-a551-693dd87a3916,1035
86bb6987-d05f-4cd1-8ddc-10ff06901012,250
1d53fcea-c24a-4d90-90c6-ef7d79732ae7,300
0df84a6e-3e59-402c-a551-693dd87a3916,1035
1d53fcea-c24a-4d90-90c6-ef7d79732ae7,300
0df84a6e-3e59-402c-a551-693dd87a3916,1035
1d53fcea-c24a-4d90-90c6-ef7d79732ae7,300
0df84a6e-3e59-402c-a551-693dd87a3916,1035
0df84a6e-3e59-402c-a551-693dd87a3916,1035
0df84a6e-3e59-402c-a551-693dd87a3916,1035
0df84a6e-3e59-402c-a551-693dd87a3916,1035
0df84a6e-3e59-402c-a551-693dd87a3916,1035
e5bf1cfa-55c3-49bb-8b99-db8eafb2ca25,252
ab723792-6a03-49fa-8eab-51748eb20237,322
09c2c568-ee98-4342-9a28-70fa2ddce996,458
0df84a6e-3e59-402c-a551-693dd87a3916,1035
1dd8bce4-850b-409c-88ca-0040a24218f8,84
05ff3077-0edb-4929-8a35-32f048072b4c,300
43d9bcd5-4870-4eed-ab52-1316876e5bac,302
9a1996f6-6bde-4d2b-aff3-18e02f2bd506,453
2250d727-5cfb-4e01-87ef-4bd35e5cbda4,80
678491a0-c85b-4e1a-8e71-654a8d5c71c4,82
0df84a6e-3e59-402c-a551-693dd87a3916,1035
0df84a6e-3e59-402c-a551-693dd87a3916,1035
0df84a6e-3e59-402c-a551-693dd87a3916,1035
0df84a6e-3e59-402c-a551-693dd87a3916,1035
0df84a6e-3e59-402c-a551-693dd87a3916,1035
0df84a6e-3e59-402c-a551-693dd87a3916,1035
0df84a6e-3e59-402c-a551-693dd87a3916,1035
86bb6987-d05f-4cd1-8ddc-10ff06901012,252
43d9bcd5-4870-4eed-ab52-1316876e5bac,458
0df84a6e-3e59-402c-a551-693dd87a3916,1035
1d53fcea-c24a-4d90-90c6-ef7d79732ae7,300
43d9bcd5-4870-4eed-ab52-1316876e5bac,302
9a1996f6-6bde-4d2b-aff3-18e02f2bd506,455
678491a0-c85b-4e1a-8e71-654a8d5c71c4,80
678491a0-c85b-4e1a-8e71-654a8d5c71c4,82
89cffc9d-c243-4a5c-a87e-2f2615293f06,252
09c2c568-ee98-4342-9a28-70fa2ddce996,458
1d53fcea-c24a-4d90-90c6-ef7d79732ae7,300
43d9bcd5-4870-4eed-ab52-1316876e5bac,302
e5400a33-9479-4ac1-a56a-a63e50305a3b,453
966273cd-e307-48fa-a3b6-4d0cc9aaafca,80
966273cd-e307-48fa-a3b6-4d0cc9aaafca,82
4fa28c93-c299-4b2a-bf1b-e4af777c0aba,82
e5bf1cfa-55c3-49bb-8b99-db8eafb2ca25,252
0df84a6e-3e59-402c-a551-693dd87a3916,1035
1d53fcea-c24a-4d90-90c6-ef7d79732ae7,300
43d9bcd5-4870-4eed-ab52-1316876e5bac,302
9a1996f6-6bde-4d2b-aff3-18e02f2bd506,453
d51843a9-2c8d-4b13-ae62-1297b5d8cb30,80
89cffc9d-c243-4a5c-a87e-2f2615293f06,252
0df84a6e-3e59-402c-a551-693dd87a3916,1035
05ff3077-0edb-4929-8a35-32f048072b4c,300
43d9bcd5-4870-4eed-ab52-1316876e5bac,302
e5400a33-9479-4ac1-a56a-a63e50305a3b,455
1dd8bce4-850b-409c-88ca-0040a24218f8,80
f6d43640-5963-4868-b013-a578f76c05c9,80
86bb6987-d05f-4cd1-8ddc-10ff06901012,252
0df84a6e-3e59-402c-a551-693dd87a3916,1035
05ff3077-0edb-4929-8a35-32f048072b4c,300
0df84a6e-3e59-402c-a551-693dd87a3916,1035
1d53fcea-c24a-4d90-90c6-ef7d79732ae7,300
0df84a6e-3e59-402c-a551-693dd87a3916,1035
1d53fcea-c24a-4d90-90c6-ef7d79732ae7,300
f450718a-508f-4b66-a7e6-68ca88087ef7,236
777bcaae-573e-41b9-b2df-23f2de91d8a5,246
3a78dc59-0168-4bc5-8c36-20625a205cd7,522
07c933d3-0499-4c03-a34d-ed95d5a79458,80
9756c1c3-64b1-4016-8b25-e9b5b0161784,82
a83e1325-e0be-491c-b666-0347876c4d98,200
877c6c4d-f453-4649-b7ff-96e2f743148f,202
2c356170-9949-4586-97f9-ec6fb99d665a,204
7e09e5fd-1701-451a-a714-001a32d5844f,206
5449c539-8f1e-41cc-a573-039c2b84141a,208
519e7205-d755-4e9f-9f5b-0db718fe8189,210
f6e2328a-af8c-4970-bbf6-1bc7071f1075,230
6530575f-e2f0-4dd5-b525-1dde1848ad2e,232
84dc93b1-7c99-4918-afa3-04ef76c33a05,235
0ecd41db-9d91-46b9-aa0b-89fadaa62c65,236
0ecd41db-9d91-46b9-aa0b-89fadaa62c65,240
84dc93b1-7c99-4918-afa3-04ef76c33a05,242
4de89082-6bc1-43e0-a24a-480dd5009cb2,243
84dc93b1-7c99-4918-afa3-04ef76c33a05,244
1589fe0c-2273-4ad2-8d79-9f4c8c3f1c30,245
f450718a-508f-4b66-a7e6-68ca88087ef7,246
f450718a-508f-4b66-a7e6-68ca88087ef7,248
8c1f6090-b409-4924-a739-faab9a887c99,249
d5495656-0283-42f2-8514-847c2314a56e,258
97dc1cb0-eec3-4204-9675-d3f44b710bb1,354
37ba2883-5747-4db6-8ce2-41a040790686,358
97dc1cb0-eec3-4204-9675-d3f44b710bb1,360
97dc1cb0-eec3-4204-9675-d3f44b710bb1,362
71101f47-fb72-480f-bfe6-31023f5abb6f,364
eec0c626-62e5-4451-9678-5572548a0173,366
686d7090-191f-4695-adf6-5dc694a4d897,440
cfaafc63-1b78-4820-adb4-bb4bb5030d43,454
b68ba08f-8954-4aa1-b744-107b2d5bd3b6,462
10065ad3-3715-4366-bb80-ce3d3cc58303,502
bad6a1eb-845b-48c9-b2b2-911753742d94,504
f7479a94-6f98-4dce-90b4-52a3e80f5fb6,510
c7b2f428-c70a-41e2-b9ee-1d37225b8689,520
63442f9a-c039-4d1e-af24-bcac2e410d25,522
5c486663-8087-4a93-98f5-6fecc6ec8610,532
07c933d3-0499-4c03-a34d-ed95d5a79458,550
7a27c157-6d17-4ed8-996e-da0689202297,969
86bb6987-d05f-4cd1-8ddc-10ff06901012,250
c02f1faf-d017-402a-a604-3d84643c1b7f,799
24c11f78-a1c2-4705-9725-5a794653eccb,1
6daa0007-e9d6-483c-8fc9-c9929bb30b3d,5
cff83400-2c0c-40ec-8969-9decdfb2b255,8
0ed47379-ee88-412a-851c-3e2148ee5a57,9
410c8d03-3eba-4d7d-a318-a95b5678a4cc,17
24c11f78-a1c2-4705-9725-5a794653eccb,18
bd977dac-a9c3-4b69-8fda-06bdcadd7793,19
686d7090-191f-4695-adf6-5dc694a4d897,27
63b13d08-44b0-48b4-9a2c-6c2211f2e179,30
c0402037-9f54-48e9-9cfa-0938fecff273,69
2eb9a4cd-ecbd-4efe-9643-eb8aa02450dc,74
4134badd-830d-485a-99ff-5bfaeaaa78e9,90
6f6de187-fb55-47e4-8c9b-4882327f4e65,101
149e4171-bbd8-4212-838d-15d03ed07a9f,103
6f4fd370-2ea5-498f-b482-c0a20b900fe9,107
cad31c0c-0f8a-4e49-be58-ee6c52517c4e,112
9d6df8d9-9551-476f-9f1f-16cae5cbb84c,114
5562df2e-2bc9-4bc8-b4c0-4adc9e2d85ff,116
5562df2e-2bc9-4bc8-b4c0-4adc9e2d85ff,118
dca2bd23-3d11-4725-a712-2c1d1c0cf924,123
9854384c-1eae-46f8-b495-727d3eac3ef7,147
9268ca02-010b-4155-81d4-6b967a2bdb8d,152
bfc4d7d7-d50f-4275-9099-9ac26b49a402,154
9854384c-1eae-46f8-b495-727d3eac3ef7,170
5237c0e5-c343-43b9-ac78-6b6608c39ae9,204
5237c0e5-c343-43b9-ac78-6b6608c39ae9,236
cf397756-1f23-44cc-8470-82d76d60d240,245
65cd6918-9043-488c-98be-856a157f5bda,250
a0164778-7c84-4abe-b114-3f03cd6b521f,252
c0001387-5c58-45e9-9191-3d8fb200b7fe,281
8b8d928c-93e7-449c-8a1e-0b6e40a71a26,283
46e1c6df-0d15-4359-8aec-5ed4a211245d,285
46e1c6df-0d15-4359-8aec-5ed4a211245d,285
dbc5a7bf-b9e7-43c1-bd63-3f45ce7f2293,300
2e33469c-860b-4c81-adc9-cba9d53c9d52,302
2e33469c-860b-4c81-adc9-cba9d53c9d52,302
dbc5a7bf-b9e7-43c1-bd63-3f45ce7f2293,314
43d9bcd5-4870-4eed-ab52-1316876e5bac,318
de06bc24-ef88-4fe0-8e21-68f446feb70e,352
0dc2eeb4-a9df-4dc3-8012-4f25a13d4d1d,358
ff0b9765-f9f4-4b85-8d32-1ce97e3cee5d,360
eec0c626-62e5-4451-9678-5572548a0173,366
eec0c626-62e5-4451-9678-5572548a0173,366
fafdeba4-bbd8-43a6-bbc4-f4655a423161,380
ffb45b08-1d3c-40cc-a921-48cec7557a7c,382
fafdeba4-bbd8-43a6-bbc4-f4655a423161,386
ede8ac57-a7dd-4f6c-9de3-3037e63beced,388
044904f7-3d79-4df6-93f3-6c162fafdfb4,392
fafdeba4-bbd8-43a6-bbc4-f4655a423161,394
3d53e795-99cc-4f04-96d5-abf766572902,410
686d7090-191f-4695-adf6-5dc694a4d897,412
61020990-fcb5-489f-9ce4-e9949e020fa6,428
7a144dba-90b1-4877-bf33-b29ce758aeb8,430
456ad22e-6d74-4e99-8b5c-cea573ab1e4a,450
c4ae2c99-df29-4899-81da-e0ebde0265d0,452
03b12749-dafd-49e0-a783-8a227b298c44,453
5237c0e5-c343-43b9-ac78-6b6608c39ae9,462
bad6a1eb-845b-48c9-b2b2-911753742d94,504
c4ae2c99-df29-4899-81da-e0ebde0265d0,520
99b4203b-3d33-4d25-9fda-d8bfb7b7e76a,522
c4ae2c99-df29-4899-81da-e0ebde0265d0,601
1ce0260b-e4ac-4fb1-adcd-3659df5b4748,608
197720ca-8762-464b-9447-f53852926cb5,610
e0c73af8-76ab-4384-81db-bed51e21e999,630
4d037f71-e81c-45fc-ac57-fb4e98f5576c,632
e0c73af8-76ab-4384-81db-bed51e21e999,636
4d037f71-e81c-45fc-ac57-fb4e98f5576c,637
927f476c-141e-4957-936c-67348f8252bc,638
9fa82612-30de-4576-b890-2a8cdbe0e286,640
a3e35985-48e3-4e7d-b841-85da6c87cfd6,642
81e27c60-de23-4263-ad5b-73045219d73d,650
300e17aa-f60a-48f8-a9b4-ee89ec55a2c8,652
80790b64-2b3e-4846-aeca-d2aabf25113d,654
e7e14aa0-7006-4b14-914b-4d1b0fb0eccc,656
37b73248-e48a-4e0f-a5e4-8b28fa031ae4,658
4b4708c7-d5e4-45a1-9dc4-c43f52f09da6,660
4b4708c7-d5e4-45a1-9dc4-c43f52f09da6,662
b77edbc2-8957-484f-8ab3-55ab7269642e,663
08930c0e-9c6e-47c2-bd2f-0cffc949689f,665
adb0c328-1cea-4cf6-b912-aca7b497f571,667
50a2b416-073d-41eb-856b-49b6bdcfdefc,687
69d0d052-4a2d-4a16-a30b-d42107c8267c,700
69d0d052-4a2d-4a16-a30b-d42107c8267c,706
1a3bf410-f41a-4b4b-a299-52c09cadbee4,708
5121a21a-c8b3-4ced-ac0d-4f4881c50d96,720
3c3f3a2c-79e1-4be3-a633-4202b5df31c3,722
3c3f3a2c-79e1-4be3-a633-4202b5df31c3,724
3c3f3a2c-79e1-4be3-a633-4202b5df31c3,724
a3377251-514b-4bca-a51f-be518556f3a1,729
e9df5fc1-8e44-4706-a873-bc24a4952f56,734
18390626-95c6-4941-a69f-750c3a4464af,735
ceac6e8e-bc36-4dea-84e5-3e3e5d0f60df,736
4207412c-684e-4705-9ffa-b1af4dee4061,770
64db66c9-742f-4c68-ba8e-4f0554c0a2d5,771
46e1c6df-0d15-4359-8aec-5ed4a211245d,772
66670685-2aca-4c1b-a911-10d30a12697c,773
dd702a97-e217-4acd-bad6-36a80564cd52,775
995b536a-ede0-460b-930a-8f8501a6e94c,778
c4ea01c5-f623-4a7a-b579-c6d0963bc04b,779
c4ea01c5-f623-4a7a-b579-c6d0963bc04b,779
a5800672-4e5b-4476-b355-ba708f5a2a99,780
3dbcb255-63ac-4052-82c1-87e69bb62ac1,781
3dbcb255-63ac-4052-82c1-87e69bb62ac1,781
49cb7c19-0737-40ac-b600-99abf64c0b89,785
62410a29-a26d-4e76-b07d-64f038665701,786
18390626-95c6-4941-a69f-750c3a4464af,788
18390626-95c6-4941-a69f-750c3a4464af,790
cda0e142-7993-42c3-b65f-580f268683e1,795
240b7890-0bc8-4ed3-aea5-be20e8c8dc9e,797
bf5043a9-c5a1-49f8-9a34-b853db9972ae,798
96e9c5a5-89b8-474d-a81f-a17e04a0943a,799
3b5e4b1c-7251-4125-8e2e-29f565d729bd,960
9287426f-5f67-4818-86a2-a5fce7a868aa,962
995b536a-ede0-460b-930a-8f8501a6e94c,964
dc3e7202-8be1-4307-b9c9-ec827587323b,968
dc3e7202-8be1-4307-b9c9-ec827587323b,970
dc3e7202-8be1-4307-b9c9-ec827587323b,972
199945f9-11a5-438c-9689-cafd2bfbca86,1023
0df84a6e-3e59-402c-a551-693dd87a3916,1035
653a55d2-cce8-4a36-b8cc-1c3c56f2ceee,1059
b9b653f3-7987-4b24-91a7-685961fd9996,1088
33b6f354-fef5-429e-9538-f96257f0fbf1,2004
f1a0bcb8-3877-48e1-b65a-b4bc3f2696c6,2005
33b6f354-fef5-429e-9538-f96257f0fbf1,2006
5562df2e-2bc9-4bc8-b4c0-4adc9e2d85ff,3116
5562df2e-2bc9-4bc8-b4c0-4adc9e2d85ff,3118
dca2bd23-3d11-4725-a712-2c1d1c0cf924,3123
e7e14aa0-7006-4b14-914b-4d1b0fb0eccc,3656
37b73248-e48a-4e0f-a5e4-8b28fa031ae4,3658
4b4708c7-d5e4-45a1-9dc4-c43f52f09da6,3662
e4a580ae-cb36-4ef8-9ce8-212e375ac48f,5
6fe4d937-667c-4db9-8dcd-b4210999d4f2,281
9b4b02e0-fdb1-439d-bdf8-47a303bf88bd,283
8b613cb9-c7c1-4d52-8b17-48683a98608d,285
222e37ad-4581-4420-985f-6137a6103314,720
3c3f3a2c-79e1-4be3-a633-4202b5df31c3,724
a5cdcbb3-b180-4b6e-951d-97f1de2248c3,729
4a203d1a-326b-4a73-b2d3-a3b700793252,770
058e8eba-3ca0-4cce-9e8c-487261e4e856,771
2fbcbe3c-0870-4881-bb8f-5ea9522e91ee,772
3a48019b-1b11-4ebb-8aaa-6584a956d03a,773
f21169af-d507-4d2f-a731-5a0d24a7bc3f,775
2cfceb2b-baf1-41eb-b1e6-497d6117cf92,778
fd986798-d4c7-4819-98d5-cc7238deddab,779
c5ba90e9-e359-45dc-acca-15a9c41c49a4,780
1de56984-91dd-4380-9c89-5d7103d3c556,781
ca9ef5da-cedd-4b39-8aa6-ca970583e94b,785
64c0b93c-ce4d-42ce-801e-d3379ee5fa3e,786
f1730884-0c1e-477c-815c-1fba5cc8734f,797
d917a847-2a2a-421c-8eaa-5c22a7ba084a,798
e6dd50fc-c63b-4d13-83c9-09a6342c9f06,964
aa835f08-34aa-4182-9160-565c53664b85,970
c03e9fd8-815a-4f35-8eb6-f8ba9363b0ab,972
044904f7-3d79-4df6-93f3-6c162fafdfb4,392
abddfdee-44e2-42a3-b4e6-5d1cef30af53,90
33a2e67a-6d05-48e7-bd82-2363da0599f6,601
50516a6f-4f29-4b8f-ab44-ee6a8c386bac,608
9d210bd9-98ae-4b44-b02c-846ad708794f,630
bcc9ff6f-7624-4a41-8378-ac9a5f870725,632
26eb3a84-094f-407b-a35f-b1cf8f3dd870,636
26eb3a84-094f-407b-a35f-b1cf8f3dd870,637
58b0a963-e2dd-47ec-879f-7b85705e5a0d,638
182f3aca-d53f-4924-ae38-d0cba896b347,640
ac188863-ef12-43df-8229-459e462b42aa,650
ada77d6b-8980-4863-9fb7-69e1f971c3b8,652
b6015b3a-0b20-436d-9132-3c424850b9df,654
2d5ca2ef-ba16-4f72-b325-6addd0aeda3d,658
a7d1cf86-d48b-4cf9-b77b-dd449369bdff,660
9eba3c9a-0ffd-4ef6-8a82-009f95998d5b,665
0fe3d506-d258-4cc2-a6e7-189673dde032,667
7f4a7959-e360-45f6-97f6-e12abdd313c1,734
911b1cff-09f8-476d-992a-572e50f748eb,736
4c684bdd-22a3-4262-b58b-0fa99c84c4bb,14
57d299d6-9ade-4d42-b8e3-094bdf49c713,22
0482c36b-19f2-44db-8913-9d82dc1785bb,28
2250d727-5cfb-4e01-87ef-4bd35e5cbda4,80
2250d727-5cfb-4e01-87ef-4bd35e5cbda4,82
7369a3d8-530a-4c6d-9bcd-448b0f52550e,150
0dc2eeb4-a9df-4dc3-8012-4f25a13d4d1d,362
08930c0e-9c6e-47c2-bd2f-0cffc949689f,603
9eba3c9a-0ffd-4ef6-8a82-009f95998d5b,664
f44fe46f-4f62-413f-b10a-561fa640c622,732
dd702a97-e217-4acd-bad6-36a80564cd52,796
9de250cd-1ac7-428d-87fd-bc7c0f112eea,2025
7c5fe042-4758-4853-a3a1-8f4d0bb838bc,2036
57d299d6-9ade-4d42-b8e3-094bdf49c713,3022
9eba3c9a-0ffd-4ef6-8a82-009f95998d5b,3664
854af05a-d9d0-467f-b916-fe6fa43114c1,796
71254931-0a32-49cf-a168-d04d986e8493,603
c1239dec-0a65-4ab2-b566-6fe775747cc6,732
0790a9e6-3346-4153-a756-78f8bb9e041a,14
561704fc-1336-4e14-a3d9-2283a20024f9,22
c85ced17-1c74-4d2f-b117-ab6f4505e2b9,28
c56a6ffa-8635-4c3d-96eb-a6c0850de6bf,80
c56a6ffa-8635-4c3d-96eb-a6c0850de6bf,82
4d34b5e6-6038-4623-a03a-2086d7031e58,150
ab32e174-64b0-42ea-bba9-87aa1505af0a,362
9eba3c9a-0ffd-4ef6-8a82-009f95998d5b,603
4b4708c7-d5e4-45a1-9dc4-c43f52f09da6,664
ceac6e8e-bc36-4dea-84e5-3e3e5d0f60df,732
748b6dbb-ad6d-40c4-aafa-f9dbc578c7e0,796
f7474f81-9725-42d6-b72f-ebb2fb3618e3,2025
08865c82-386e-4a2d-b623-3887290af2b1,2036
561704fc-1336-4e14-a3d9-2283a20024f9,3022
4b4708c7-d5e4-45a1-9dc4-c43f52f09da6,3664
e975bd3d-8e7e-47a1-aba0-84000e132ac8,796
71254931-0a32-49cf-a168-d04d986e8493,603
dad1e85c-de6c-4eaf-ae4d-c87cb086eed2,732
97dc1cb0-eec3-4204-9675-d3f44b710bb1,354
de0c1cac-1514-4a84-8294-70bfd4043e63,9000
a9d808ed-8347-4b04-8912-5957c573e274,147
a9d808ed-8347-4b04-8912-5957c573e274,150
a9d808ed-8347-4b04-8912-5957c573e274,152
5ef4eb67-b881-4150-b3de-0ab7059cb3bf,154
5ef4eb67-b881-4150-b3de-0ab7059cb3bf,156
f509e036-683f-4e76-9365-da9b4c88de89,352
3a78dc59-0168-4bc5-8c36-20625a205cd7,522
54c7a844-1f85-4fd8-bd47-539cf1a9fdfe,354
fe2b8d63-f0c1-479f-bb0a-58b5a0b5de00,147
fe2b8d63-f0c1-479f-bb0a-58b5a0b5de00,150
fe2b8d63-f0c1-479f-bb0a-58b5a0b5de00,152
64b8a2b5-e84e-41c9-9496-ad802503f1e6,154
c85ced17-1c74-4d2f-b117-ab6f4505e2b9,354
734fe52d-86ed-496f-a3e6-aba40d8ef05c,150
f450718a-508f-4b66-a7e6-68ca88087ef7,236
777bcaae-573e-41b9-b2df-23f2de91d8a5,246
3a78dc59-0168-4bc5-8c36-20625a205cd7,522
1a69c893-9910-48d8-8743-f6e10e25ed5c,80
9756c1c3-64b1-4016-8b25-e9b5b0161784,82
a83e1325-e0be-491c-b666-0347876c4d98,200
877c6c4d-f453-4649-b7ff-96e2f743148f,202
2c356170-9949-4586-97f9-ec6fb99d665a,204
7e09e5fd-1701-451a-a714-001a32d5844f,206
5449c539-8f1e-41cc-a573-039c2b84141a,208
519e7205-d755-4e9f-9f5b-0db718fe8189,210
f6e2328a-af8c-4970-bbf6-1bc7071f1075,230
6530575f-e2f0-4dd5-b525-1dde1848ad2e,232
6530575f-e2f0-4dd5-b525-1dde1848ad2e,234
84dc93b1-7c99-4918-afa3-04ef76c33a05,235
0ecd41db-9d91-46b9-aa0b-89fadaa62c65,236
0ecd41db-9d91-46b9-aa0b-89fadaa62c65,240
84dc93b1-7c99-4918-afa3-04ef76c33a05,242
4de89082-6bc1-43e0-a24a-480dd5009cb2,243
84dc93b1-7c99-4918-afa3-04ef76c33a05,244
1589fe0c-2273-4ad2-8d79-9f4c8c3f1c30,245
f450718a-508f-4b66-a7e6-68ca88087ef7,246
f450718a-508f-4b66-a7e6-68ca88087ef7,248
8c1f6090-b409-4924-a739-faab9a887c99,249
d5495656-0283-42f2-8514-847c2314a56e,258
97dc1cb0-eec3-4204-9675-d3f44b710bb1,354
97dc1cb0-eec3-4204-9675-d3f44b710bb1,358
c85ced17-1c74-4d2f-b117-ab6f4505e2b9,360
c85ced17-1c74-4d2f-b117-ab6f4505e2b9,362
cfaafc63-1b78-4820-adb4-bb4bb5030d43,454
b68ba08f-8954-4aa1-b744-107b2d5bd3b6,462
10065ad3-3715-4366-bb80-ce3d3cc58303,502
bad6a1eb-845b-48c9-b2b2-911753742d94,504
f7479a94-6f98-4dce-90b4-52a3e80f5fb6,510
c7b2f428-c70a-41e2-b9ee-1d37225b8689,520
63442f9a-c039-4d1e-af24-bcac2e410d25,522
5c486663-8087-4a93-98f5-6fecc6ec8610,532
1a69c893-9910-48d8-8743-f6e10e25ed5c,550
9fb5ed52-eff9-4b44-af18-37ee5861dc3d,969
86bb6987-d05f-4cd1-8ddc-10ff06901012,250
81e27c60-de23-4263-ad5b-73045219d73d,5
139ffa71-b5b9-4936-9fa7-92f243aa2fb4,17
24c11f78-a1c2-4705-9725-5a794653eccb,18
b32d38e6-70ca-4ea8-9205-207f28c8cc65,19
63b13d08-44b0-48b4-9a2c-6c2211f2e179,30
6ad10c1d-eccd-4a05-8d0d-72bc17c05dfd,39
c0402037-9f54-48e9-9cfa-0938fecff273,69
ae4d5b25-8246-46f8-89ec-4965706190a5,101
02ff39cc-e269-4709-aa9c-72e3661786fe,103
d606cb16-937b-469f-b75b-1d6c6ff48e5f,107
6c8f6165-2dfb-468e-aa70-fda64eeac048,112
9287426f-5f67-4818-86a2-a5fce7a868aa,114
afed18cb-89c5-410e-8818-a2e1592944d7,116
a5e7e8ce-edee-4b99-b5ba-95677dcefecb,118
060a2405-b37d-460a-b1d9-5761f9a9f777,147
65cd6918-9043-488c-98be-856a157f5bda,250
b6854139-a585-495b-a3a1-a75ae5c0dff4,283
2e33469c-860b-4c81-adc9-cba9d53c9d52,300
2e33469c-860b-4c81-adc9-cba9d53c9d52,300
c4606f33-1d37-4245-956a-8d6342bc06ee,348
ede8ac57-a7dd-4f6c-9de3-3037e63beced,386
d606cb16-937b-469f-b75b-1d6c6ff48e5f,388
89ef119b-47e2-4ed1-9379-088bbe92aeb2,410
61020990-fcb5-489f-9ce4-e9949e020fa6,428
c4ae2c99-df29-4899-81da-e0ebde0265d0,603
1ce0260b-e4ac-4fb1-adcd-3659df5b4748,608
66f622ae-dc89-4ac2-b04d-6dbe46b1a3b4,632
89d2d88c-2b3e-400b-b8c9-13b5a987b3e0,640
e7e14aa0-7006-4b14-914b-4d1b0fb0eccc,660
69d0d052-4a2d-4a16-a30b-d42107c8267c,700
a3377251-514b-4bca-a51f-be518556f3a1,720
f44fe46f-4f62-413f-b10a-561fa640c622,734
73c65e11-6e63-45f7-958d-520485065ed3,770
49cb7c19-0737-40ac-b600-99abf64c0b89,771
1a3e89cd-f5b9-406a-bfff-062918a70902,772
73c65e11-6e63-45f7-958d-520485065ed3,773
dc3e7202-8be1-4307-b9c9-ec827587323b,774
e82c1f31-f1a3-4243-a43d-8e0e2eda8752,775
4207412c-684e-4705-9ffa-b1af4dee4061,777
995b536a-ede0-460b-930a-8f8501a6e94c,778
9e20bf04-d080-4c28-92b9-e7b75b5f4b76,779
30254db1-81db-495c-9d82-93658d5a9fb7,780
dc3e7202-8be1-4307-b9c9-ec827587323b,781
9f583e3b-73a9-4f5c-8a81-05fee83b32e9,785
c307bc54-1de8-45f0-acfb-752c5edd3cfe,795
ced49a29-1b5b-4b78-a563-53848b1e326c,797
435cc632-e5ab-42fb-9749-acf9c91a8f80,799
005fd801-6c5d-4a4e-bbc6-99dea61a1d50,960
995b536a-ede0-460b-930a-8f8501a6e94c,964
0df84a6e-3e59-402c-a551-693dd87a3916,1035
a929d934-f164-421d-9032-e3d23ad58d48,2005
e4a580ae-cb36-4ef8-9ce8-212e375ac48f,2013
c307bc54-1de8-45f0-acfb-752c5edd3cfe,2036
afed18cb-89c5-410e-8818-a2e1592944d7,3116
a5e7e8ce-edee-4b99-b5ba-95677dcefecb,3118
e4a580ae-cb36-4ef8-9ce8-212e375ac48f,5
43390a49-4288-4b19-a031-a71e5d30607a,283
84dca7f6-110e-4aed-aecc-1cf1b561ef7a,720
0617b394-5d0d-4adb-9f1d-fe0aa2a98dd9,770
bbb8f818-b343-46cf-8eee-ea5c83cacd16,771
ef930a19-215c-4bb1-bbcb-7e62323c8f63,772
6ada11ab-1663-4bf5-a0e0-14a0c026637f,773
91b7b2d9-6198-482c-b47d-1932ac953bcf,774
f543cae3-2ebd-45cb-95e5-9a017ec59462,775
ebd88e6c-9e94-49c3-9155-dc6db45d8327,777
77d1cddc-000a-43a0-9287-973a946d512f,778
dba888c9-595c-46db-b923-de1793c9e1bf,779
3fd850a2-f18b-47b3-9874-78807a2c30d7,780
c0faeee2-92da-40e7-966f-eb6230ab0894,781
3a772d85-88d7-4f70-930d-9ed8678be06b,785
6aa58ec2-f55a-4e56-95c6-6f68b2258635,797
9299a5bf-0e16-40dd-ab16-a6453a2959ba,964
71254931-0a32-49cf-a168-d04d986e8493,603
50516a6f-4f29-4b8f-ab44-ee6a8c386bac,608
bcc9ff6f-7624-4a41-8378-ac9a5f870725,632
182f3aca-d53f-4924-ae38-d0cba896b347,640
a7d1cf86-d48b-4cf9-b77b-dd449369bdff,660
dad1e85c-de6c-4eaf-ae4d-c87cb086eed2,734
57d299d6-9ade-4d42-b8e3-094bdf49c713,22
5992969f-7f42-4fcf-8035-24555e709764,150
bfc4d7d7-d50f-4275-9099-9ac26b49a402,152
d592a8db-80c6-4f08-aac0-23efafd8410f,170
f509e036-683f-4e76-9365-da9b4c88de89,349
bcc9ff6f-7624-4a41-8378-ac9a5f870725,601
4b4708c7-d5e4-45a1-9dc4-c43f52f09da6,662
158b5fc9-2230-4cba-9e08-495e196841b7,732
2a65ec97-6379-4835-a1b2-86de29be7676,796
f1a0bcb8-3877-48e1-b65a-b4bc3f2696c6,2025
57d299d6-9ade-4d42-b8e3-094bdf49c713,3022
4b4708c7-d5e4-45a1-9dc4-c43f52f09da6,3662
6017caad-f873-44eb-bbef-a34dbce3c76c,796
33a2e67a-6d05-48e7-bd82-2363da0599f6,601
911b1cff-09f8-476d-992a-572e50f748eb,732
561704fc-1336-4e14-a3d9-2283a20024f9,22
7369a3d8-530a-4c6d-9bcd-448b0f52550e,150
166a08f0-c80d-4d4a-bf05-f4b2bdf78c43,152
0b8127bc-5f12-474a-96b0-0037a0f873e3,170
4f1d6b92-7b09-41c3-adac-47e4c9644963,349
08930c0e-9c6e-47c2-bd2f-0cffc949689f,601
4d037f71-e81c-45fc-ac57-fb4e98f5576c,662
166a08f0-c80d-4d4a-bf05-f4b2bdf78c43,732
d297090a-26f9-47ff-9f5f-2d649073c547,796
8d2ae072-c3a2-4749-a483-2bbdeba7f32b,2025
561704fc-1336-4e14-a3d9-2283a20024f9,3022
4d037f71-e81c-45fc-ac57-fb4e98f5576c,3662
425fe644-6046-4e22-ba30-309e370544ae,796
33a2e67a-6d05-48e7-bd82-2363da0599f6,601
c1239dec-0a65-4ab2-b566-6fe775747cc6,732
e4d87a7d-3c27-4781-b7b4-a1070ea55942,9000
d586d41e-411b-4e6b-ae5c-6de6b72bdcbb,147
58921d55-5118-4d2a-a2f6-dd6c6b0f9c51,150
58921d55-5118-4d2a-a2f6-dd6c6b0f9c51,152
33cdbdc8-b1d8-434d-a332-e024ec204869,348
8851aab5-5ed4-476a-8244-c54d430a81af,349
3a78dc59-0168-4bc5-8c36-20625a205cd7,522
41b54b8c-600e-4d14-92ec-70e440b09353,147
557da9a7-644a-4190-89ce-ee0b21ec60a2,150
557da9a7-644a-4190-89ce-ee0b21ec60a2,152
33cdbdc8-b1d8-434d-a332-e024ec204869,348
8851aab5-5ed4-476a-8244-c54d430a81af,349
6fd68f5b-5a87-4ce9-8c95-c4cf72f9648d,147
842d2e26-b8c8-4c87-afd8-043cacccd6d4,150
f450718a-508f-4b66-a7e6-68ca88087ef7,236
777bcaae-573e-41b9-b2df-23f2de91d8a5,246
3a78dc59-0168-4bc5-8c36-20625a205cd7,522
9756c1c3-64b1-4016-8b25-e9b5b0161784,80
9756c1c3-64b1-4016-8b25-e9b5b0161784,82
a83e1325-e0be-491c-b666-0347876c4d98,200
877c6c4d-f453-4649-b7ff-96e2f743148f,202
2c356170-9949-4586-97f9-ec6fb99d665a,204
7e09e5fd-1701-451a-a714-001a32d5844f,206
5449c539-8f1e-41cc-a573-039c2b84141a,208
519e7205-d755-4e9f-9f5b-0db718fe8189,210
f6e2328a-af8c-4970-bbf6-1bc7071f1075,230
0ecd41db-9d91-46b9-aa0b-89fadaa62c65,232
6530575f-e2f0-4dd5-b525-1dde1848ad2e,234
0ecd41db-9d91-46b9-aa0b-89fadaa62c65,236
0ecd41db-9d91-46b9-aa0b-89fadaa62c65,240
5237c0e5-c343-43b9-ac78-6b6608c39ae9,243
1589fe0c-2273-4ad2-8d79-9f4c8c3f1c30,245
777bcaae-573e-41b9-b2df-23f2de91d8a5,246
8c1f6090-b409-4924-a739-faab9a887c99,248
d5495656-0283-42f2-8514-847c2314a56e,258
71101f47-fb72-480f-bfe6-31023f5abb6f,354
37ba2883-5747-4db6-8ce2-41a040790686,358
f509e036-683f-4e76-9365-da9b4c88de89,362
cfaafc63-1b78-4820-adb4-bb4bb5030d43,454
b68ba08f-8954-4aa1-b744-107b2d5bd3b6,462
10065ad3-3715-4366-bb80-ce3d3cc58303,502
bad6a1eb-845b-48c9-b2b2-911753742d94,504
f7479a94-6f98-4dce-90b4-52a3e80f5fb6,510
c7b2f428-c70a-41e2-b9ee-1d37225b8689,520
63442f9a-c039-4d1e-af24-bcac2e410d25,522
5c486663-8087-4a93-98f5-6fecc6ec8610,532
86bb6987-d05f-4cd1-8ddc-10ff06901012,250
f4f69853-62c5-40a0-bf8d-1f6a1c88cb44,5
410c8d03-3eba-4d7d-a318-a95b5678a4cc,17
b32d38e6-70ca-4ea8-9205-207f28c8cc65,19
c76c51a4-1c32-40aa-814f-bf66b32e1853,69
de24c657-fde6-4f45-b822-f5340c1926fb,101
dc0d6060-89bc-40c7-97da-a7589a188703,112
dc0d6060-89bc-40c7-97da-a7589a188703,114
005fd801-6c5d-4a4e-bbc6-99dea61a1d50,116
4d34b5e6-6038-4623-a03a-2086d7031e58,150
166a08f0-c80d-4d4a-bf05-f4b2bdf78c43,152
197720ca-8762-464b-9447-f53852926cb5,610
c4ae2c99-df29-4899-81da-e0ebde0265d0,632
9fa82612-30de-4576-b890-2a8cdbe0e286,634
678491a0-c85b-4e1a-8e71-654a8d5c71c4,700
678491a0-c85b-4e1a-8e71-654a8d5c71c4,700
fe749f7b-c682-4b93-b53b-f59ad7788dd7,770
4f105afc-6d5e-4c1b-883a-d86c8f2a3cad,771
dc3e7202-8be1-4307-b9c9-ec827587323b,772
2e0c4273-4f3a-432a-bb45-cee7b7b35a54,773
bfcd6530-f2e5-48cd-b52b-5bd430a09b3e,777
c307bc54-1de8-45f0-acfb-752c5edd3cfe,795
18390626-95c6-4941-a69f-750c3a4464af,799
62410a29-a26d-4e76-b07d-64f038665701,964
0df84a6e-3e59-402c-a551-693dd87a3916,1035
c307bc54-1de8-45f0-acfb-752c5edd3cfe,2009
c307bc54-1de8-45f0-acfb-752c5edd3cfe,2025
80790b64-2b3e-4846-aeca-d2aabf25113d,2036
005fd801-6c5d-4a4e-bbc6-99dea61a1d50,3116
f4f69853-62c5-40a0-bf8d-1f6a1c88cb44,5
265a88c2-8a62-4115-ba5d-d22629393efb,770
9e458d2f-e71e-458e-b8a7-e75487b10fca,771
042f17db-40ce-4496-9d03-57e39bbe1f3c,772
5e8322db-0ba5-4e04-9651-5ec1cabe0ab8,773
095c1d80-1b90-48b7-8e1a-125bcc20bed2,777
6f97b982-5974-43df-a846-9ad3d42298c5,964
bcc9ff6f-7624-4a41-8378-ac9a5f870725,632
9eba3c9a-0ffd-4ef6-8a82-009f95998d5b,634
c585b29d-1855-4365-84fd-02862ea5b53f,147
69d0d052-4a2d-4a16-a30b-d42107c8267c,732
bfef0552-b28b-466b-a977-39ba9e5e2761,732
53d94f98-4a9c-4433-aeb0-68dbb8aee6ef,147
ceac6e8e-bc36-4dea-84e5-3e3e5d0f60df,732
c1239dec-0a65-4ab2-b566-6fe775747cc6,732
f4f69853-62c5-40a0-bf8d-1f6a1c88cb44,9000
ee81f205-a9ba-4057-8c5e-d34a1ab23759,147
d586d41e-411b-4e6b-ae5c-6de6b72bdcbb,150
d586d41e-411b-4e6b-ae5c-6de6b72bdcbb,152
3a78dc59-0168-4bc5-8c36-20625a205cd7,522
19b0bd8e-9209-448b-b109-4d50448389c8,147
41b54b8c-600e-4d14-92ec-70e440b09353,150
41b54b8c-600e-4d14-92ec-70e440b09353,152
6fd68f5b-5a87-4ce9-8c95-c4cf72f9648d,150
6fd68f5b-5a87-4ce9-8c95-c4cf72f9648d,152
3a78dc59-0168-4bc5-8c36-20625a205cd7,522
1a69c893-9910-48d8-8743-f6e10e25ed5c,80
a83e1325-e0be-491c-b666-0347876c4d98,200
5992969f-7f42-4fcf-8035-24555e709764,202
877c6c4d-f453-4649-b7ff-96e2f743148f,204
7e09e5fd-1701-451a-a714-001a32d5844f,206
519e7205-d755-4e9f-9f5b-0db718fe8189,210
f6e2328a-af8c-4970-bbf6-1bc7071f1075,230
5237c0e5-c343-43b9-ac78-6b6608c39ae9,236
5237c0e5-c343-43b9-ac78-6b6608c39ae9,243
777bcaae-573e-41b9-b2df-23f2de91d8a5,246
d5495656-0283-42f2-8514-847c2314a56e,258
f509e036-683f-4e76-9365-da9b4c88de89,354
238edd36-b6d1-40df-b03a-19fc71dd1948,358
71101f47-fb72-480f-bfe6-31023f5abb6f,362
cfaafc63-1b78-4820-adb4-bb4bb5030d43,454
b68ba08f-8954-4aa1-b744-107b2d5bd3b6,462
10065ad3-3715-4366-bb80-ce3d3cc58303,502
bad6a1eb-845b-48c9-b2b2-911753742d94,504
f7479a94-6f98-4dce-90b4-52a3e80f5fb6,510
c7b2f428-c70a-41e2-b9ee-1d37225b8689,520
63442f9a-c039-4d1e-af24-bcac2e410d25,522
5c486663-8087-4a93-98f5-6fecc6ec8610,532
86bb6987-d05f-4cd1-8ddc-10ff06901012,250
cfaf44e8-3a37-4bbc-bede-72bfbcf9b56d,5
139ffa71-b5b9-4936-9fa7-92f243aa2fb4,17
24c11f78-a1c2-4705-9725-5a794653eccb,18
704befa5-d852-4d1b-b197-7a25ab3273e9,39
c0402037-9f54-48e9-9cfa-0938fecff273,69
005fd801-6c5d-4a4e-bbc6-99dea61a1d50,101
9d7e8615-f5f4-46a7-aec0-9edf090a091f,107
a5e7e8ce-edee-4b99-b5ba-95677dcefecb,112
ae4d5b25-8246-46f8-89ec-4965706190a5,114
a0164778-7c84-4abe-b114-3f03cd6b521f,250
2d72ba7a-21e2-46c5-b28d-68818ed59f7a,348
678491a0-c85b-4e1a-8e71-654a8d5c71c4,700
678491a0-c85b-4e1a-8e71-654a8d5c71c4,700
69d0d052-4a2d-4a16-a30b-d42107c8267c,732
4134badd-830d-485a-99ff-5bfaeaaa78e9,770
9e20bf04-d080-4c28-92b9-e7b75b5f4b76,773
0df84a6e-3e59-402c-a551-693dd87a3916,1035
55347894-0b55-44e4-9f51-c17f955e978a,2003
e0ef922f-c7d0-47ba-a434-1a317464ccb7,2036
e4a580ae-cb36-4ef8-9ce8-212e375ac48f,5
8ef3c777-32a3-4800-98da-1854e626cf5c,770
53ddecfa-ad0e-41e4-b9c4-c44e558c6d48,773
c1239dec-0a65-4ab2-b566-6fe775747cc6,732
c585b29d-1855-4365-84fd-02862ea5b53f,147
a929d934-f164-421d-9032-e3d23ad58d48,2025
a6f157d6-32b6-4704-b456-e95b76c01a43,147
80790b64-2b3e-4846-aeca-d2aabf25113d,2025
5173a462-9102-4e31-aa26-30e901674b4b,9000
58921d55-5118-4d2a-a2f6-dd6c6b0f9c51,147
ee81f205-a9ba-4057-8c5e-d34a1ab23759,150
19b0bd8e-9209-448b-b109-4d50448389c8,152
333042bc-9df5-4202-b309-da412e8fc021,348
3a78dc59-0168-4bc5-8c36-20625a205cd7,522
19b0bd8e-9209-448b-b109-4d50448389c8,147
58921d55-5118-4d2a-a2f6-dd6c6b0f9c51,150
58921d55-5118-4d2a-a2f6-dd6c6b0f9c51,152
67018a7a-9df3-4ee4-ac4d-e3bea8334f0b,348
19b0bd8e-9209-448b-b109-4d50448389c8,150
333042bc-9df5-4202-b309-da412e8fc021,348
67018a7a-9df3-4ee4-ac4d-e3bea8334f0b,348
23c7827b-db03-47c9-a544-8fb9d91518f5,348
0ecd41db-9d91-46b9-aa0b-89fadaa62c65,236
3a78dc59-0168-4bc5-8c36-20625a205cd7,522
a83e1325-e0be-491c-b666-0347876c4d98,200
5992969f-7f42-4fcf-8035-24555e709764,202
877c6c4d-f453-4649-b7ff-96e2f743148f,204
519e7205-d755-4e9f-9f5b-0db718fe8189,210
f6e2328a-af8c-4970-bbf6-1bc7071f1075,230
5237c0e5-c343-43b9-ac78-6b6608c39ae9,236
d5495656-0283-42f2-8514-847c2314a56e,258
97dc1cb0-eec3-4204-9675-d3f44b710bb1,354
238edd36-b6d1-40df-b03a-19fc71dd1948,358
cfaafc63-1b78-4820-adb4-bb4bb5030d43,454
b68ba08f-8954-4aa1-b744-107b2d5bd3b6,462
10065ad3-3715-4366-bb80-ce3d3cc58303,502
bad6a1eb-845b-48c9-b2b2-911753742d94,504
f7479a94-6f98-4dce-90b4-52a3e80f5fb6,510
c7b2f428-c70a-41e2-b9ee-1d37225b8689,520
f7479a94-6f98-4dce-90b4-52a3e80f5fb6,522
5c486663-8087-4a93-98f5-6fecc6ec8610,532
86bb6987-d05f-4cd1-8ddc-10ff06901012,250
139ffa71-b5b9-4936-9fa7-92f243aa2fb4,17
24c11f78-a1c2-4705-9725-5a794653eccb,18
704befa5-d852-4d1b-b197-7a25ab3273e9,39
c76c51a4-1c32-40aa-814f-bf66b32e1853,69
c583c924-72fa-4653-b226-503aee6db0c2,101
a79cbcfc-196e-4379-8490-6604014a1c6b,103
dc8503d3-4b02-45cc-bfe6-4af7f0749888,107
f7479a94-6f98-4dce-90b4-52a3e80f5fb6,112
f7479a94-6f98-4dce-90b4-52a3e80f5fb6,114
ced49a29-1b5b-4b78-a563-53848b1e326c,770
5d51fd8c-a02e-4b2b-bd5e-d4ff40d0f695,2003
33b6f354-fef5-429e-9538-f96257f0fbf1,2025
0eca3bee-777b-4000-8c78-8ff4cdacc344,770
4d34b5e6-6038-4623-a03a-2086d7031e58,150
c4606f33-1d37-4245-956a-8d6342bc06ee,348
a6f157d6-32b6-4704-b456-e95b76c01a43,150
968fd05a-9eb3-4a6d-a0bc-54fef53a866d,348
26c092e7-8a55-493d-89ce-573f22da0cc6,147
19b0bd8e-9209-448b-b109-4d50448389c8,150
42125b5c-f1c4-4789-b72d-368b53a2b751,152
22cbc81e-58e2-4924-938e-7ddaaf5ac988,348
3a78dc59-0168-4bc5-8c36-20625a205cd7,522
c585b29d-1855-4365-84fd-02862ea5b53f,147
19b0bd8e-9209-448b-b109-4d50448389c8,150
64b8a2b5-e84e-41c9-9496-ad802503f1e6,152
d101b673-7763-4c2c-bad4-4aa074e54077,348
53d94f98-4a9c-4433-aeb0-68dbb8aee6ef,147
22cbc81e-58e2-4924-938e-7ddaaf5ac988,348
d101b673-7763-4c2c-bad4-4aa074e54077,348
aa84fc34-eead-4068-a96a-f76fa0cb9ad8,6
3a78dc59-0168-4bc5-8c36-20625a205cd7,522
a83e1325-e0be-491c-b666-0347876c4d98,200
5992969f-7f42-4fcf-8035-24555e709764,202
877c6c4d-f453-4649-b7ff-96e2f743148f,204
1589fe0c-2273-4ad2-8d79-9f4c8c3f1c30,232
777bcaae-573e-41b9-b2df-23f2de91d8a5,246
d5495656-0283-42f2-8514-847c2314a56e,258
97dc1cb0-eec3-4204-9675-d3f44b710bb1,358
c85ced17-1c74-4d2f-b117-ab6f4505e2b9,362
bad6a1eb-845b-48c9-b2b2-911753742d94,504
c7b2f428-c70a-41e2-b9ee-1d37225b8689,520
f7479a94-6f98-4dce-90b4-52a3e80f5fb6,522
43521914-18aa-4315-bb0f-ca40400ace50,5
0ed47379-ee88-412a-851c-3e2148ee5a57,6
cf131e9d-4f1d-488a-add6-24b2ab158320,17
60a6983f-92b7-4329-b883-c85248d00228,18
6ad10c1d-eccd-4a05-8d0d-72bc17c05dfd,39
c76c51a4-1c32-40aa-814f-bf66b32e1853,69
cd463ceb-040c-4e0b-adfe-8f84eb8136df,101
c7859362-085e-4714-b6f1-bfaf1fe90125,103
2893b3f0-3195-4769-82d5-2f8f43c93578,107
a79cbcfc-196e-4379-8490-6604014a1c6b,112
73c65e11-6e63-45f7-958d-520485065ed3,770
0df84a6e-3e59-402c-a551-693dd87a3916,1035
c53deac6-5343-45ac-9bdb-2565421dd38c,2003
f4f69853-62c5-40a0-bf8d-1f6a1c88cb44,5
9a2188c3-71cd-43cb-b3c9-311066bebdde,770
37eb27d7-36f1-4bd8-bd0d-afd565678ebb,150
e0ef922f-c7d0-47ba-a434-1a317464ccb7,2025
a6f157d6-32b6-4704-b456-e95b76c01a43,150
4134badd-830d-485a-99ff-5bfaeaaa78e9,2025
0cdbebd4-9b95-46ac-8404-2fe89d74ac3b,147
3cfe2e0f-394a-46e7-997b-2c5ceffd9896,152
3a78dc59-0168-4bc5-8c36-20625a205cd7,522
4d34b5e6-6038-4623-a03a-2086d7031e58,147
83c07d09-2030-4bc4-be54-123a8a3915cc,147
3a78dc59-0168-4bc5-8c36-20625a205cd7,522
a83e1325-e0be-491c-b666-0347876c4d98,200
827cc20f-d170-435e-8f0a-4e18f05e5aaf,202
1589fe0c-2273-4ad2-8d79-9f4c8c3f1c30,232
5237c0e5-c343-43b9-ac78-6b6608c39ae9,236
8afe86bd-6df9-4f1f-b8f2-d87bbfe7b8f2,246
d5495656-0283-42f2-8514-847c2314a56e,258
71101f47-fb72-480f-bfe6-31023f5abb6f,354
c85ced17-1c74-4d2f-b117-ab6f4505e2b9,358
f509e036-683f-4e76-9365-da9b4c88de89,362
6530575f-e2f0-4dd5-b525-1dde1848ad2e,462
bad6a1eb-845b-48c9-b2b2-911753742d94,504
c7b2f428-c70a-41e2-b9ee-1d37225b8689,520
f7479a94-6f98-4dce-90b4-52a3e80f5fb6,522
73c65e11-6e63-45f7-958d-520485065ed3,5
aa84fc34-eead-4068-a96a-f76fa0cb9ad8,6
cf131e9d-4f1d-488a-add6-24b2ab158320,17
6ad10c1d-eccd-4a05-8d0d-72bc17c05dfd,39
2eb9a4cd-ecbd-4efe-9643-eb8aa02450dc,69
9d6df8d9-9551-476f-9f1f-16cae5cbb84c,101
3b5e4b1c-7251-4125-8e2e-29f565d729bd,103
51978940-ff02-49ee-84eb-70686dbd3130,107
9d6df8d9-9551-476f-9f1f-16cae5cbb84c,114
37eb27d7-36f1-4bd8-bd0d-afd565678ebb,150
b6854139-a585-495b-a3a1-a75ae5c0dff4,770
0df84a6e-3e59-402c-a551-693dd87a3916,1035
b3069a72-6b50-4a7b-a1c2-6a9e521daa20,2003
e4a580ae-cb36-4ef8-9ce8-212e375ac48f,5
e9ede6dd-e168-43d4-bd7f-5244e0d27288,770
42125b5c-f1c4-4789-b72d-368b53a2b751,147
42125b5c-f1c4-4789-b72d-368b53a2b751,150
3a78dc59-0168-4bc5-8c36-20625a205cd7,522
ee81f205-a9ba-4057-8c5e-d34a1ab23759,150
3a78dc59-0168-4bc5-8c36-20625a205cd7,522
a83e1325-e0be-491c-b666-0347876c4d98,200
5237c0e5-c343-43b9-ac78-6b6608c39ae9,236
8afe86bd-6df9-4f1f-b8f2-d87bbfe7b8f2,246
d5495656-0283-42f2-8514-847c2314a56e,258
c01ccefe-23b4-4860-a099-90ad3249f065,354
71101f47-fb72-480f-bfe6-31023f5abb6f,362
bad6a1eb-845b-48c9-b2b2-911753742d94,504
c7b2f428-c70a-41e2-b9ee-1d37225b8689,520
f7479a94-6f98-4dce-90b4-52a3e80f5fb6,522
71101f47-fb72-480f-bfe6-31023f5abb6f,5
b32d38e6-70ca-4ea8-9205-207f28c8cc65,17
6ad10c1d-eccd-4a05-8d0d-72bc17c05dfd,39
c76c51a4-1c32-40aa-814f-bf66b32e1853,69
101c3f08-505a-43f4-90f5-adb44ed88ea2,101
c9f3eed2-4675-493d-9de5-a9143adfdaab,107
67018a7a-9df3-4ee4-ac4d-e3bea8334f0b,348
0df84a6e-3e59-402c-a551-693dd87a3916,1035
80790b64-2b3e-4846-aeca-d2aabf25113d,2005
8d2ae072-c3a2-4749-a483-2bbdeba7f32b,2007
f4f69853-62c5-40a0-bf8d-1f6a1c88cb44,5
1a565ffb-113a-414a-9b53-afa2f74c8952,150
33cdbdc8-b1d8-434d-a332-e024ec204869,348
3a78dc59-0168-4bc5-8c36-20625a205cd7,522
3cfe2e0f-394a-46e7-997b-2c5ceffd9896,150
33cdbdc8-b1d8-434d-a332-e024ec204869,348
3a78dc59-0168-4bc5-8c36-20625a205cd7,522
a83e1325-e0be-491c-b666-0347876c4d98,200
827cc20f-d170-435e-8f0a-4e18f05e5aaf,202
6530575f-e2f0-4dd5-b525-1dde1848ad2e,462
bad6a1eb-845b-48c9-b2b2-911753742d94,504
c7b2f428-c70a-41e2-b9ee-1d37225b8689,520
63442f9a-c039-4d1e-af24-bcac2e410d25,522
25d734e6-b3cb-469a-84e3-0da9dc339f5c,17
704befa5-d852-4d1b-b197-7a25ab3273e9,39
2eb9a4cd-ecbd-4efe-9643-eb8aa02450dc,69
6ae8633e-3494-4351-89d9-804fd5e6d516,101
149e4171-bbd8-4212-838d-15d03ed07a9f,107
c4606f33-1d37-4245-956a-8d6342bc06ee,348
0df84a6e-3e59-402c-a551-693dd87a3916,1035
b6015b3a-0b20-436d-9132-3c424850b9df,2005
308d808b-9cea-4e17-ad80-f8dd5292846c,348
308d808b-9cea-4e17-ad80-f8dd5292846c,348
3a78dc59-0168-4bc5-8c36-20625a205cd7,522
a83e1325-e0be-491c-b666-0347876c4d98,200
827cc20f-d170-435e-8f0a-4e18f05e5aaf,202
f509e036-683f-4e76-9365-da9b4c88de89,354
bad6a1eb-845b-48c9-b2b2-911753742d94,504
c7b2f428-c70a-41e2-b9ee-1d37225b8689,520
63442f9a-c039-4d1e-af24-bcac2e410d25,522
62f65268-b296-4618-8a52-541da0844009,5
aa84fc34-eead-4068-a96a-f76fa0cb9ad8,6
139ffa71-b5b9-4936-9fa7-92f243aa2fb4,17
704befa5-d852-4d1b-b197-7a25ab3273e9,39
dca2bd23-3d11-4725-a712-2c1d1c0cf924,101
0df84a6e-3e59-402c-a551-693dd87a3916,1035
899399f0-d5a8-4462-b736-a8a66d2d4bea,2005
e4a580ae-cb36-4ef8-9ce8-212e375ac48f,5
3a78dc59-0168-4bc5-8c36-20625a205cd7,522
5992969f-7f42-4fcf-8035-24555e709764,200
827cc20f-d170-435e-8f0a-4e18f05e5aaf,204
c85ced17-1c74-4d2f-b117-ab6f4505e2b9,354
c7b2f428-c70a-41e2-b9ee-1d37225b8689,520
63442f9a-c039-4d1e-af24-bcac2e410d25,522
63905922-5dab-4fd5-8544-fd9b42906671,5
aa84fc34-eead-4068-a96a-f76fa0cb9ad8,6
501bf623-b7f8-4609-be35-e5353d1f6233,101
ec0a6c71-09d6-44f0-84ca-f1aaafb79e59,348
0df84a6e-3e59-402c-a551-693dd87a3916,1035
89ef119b-47e2-4ed1-9379-088bbe92aeb2,2002
f4f69853-62c5-40a0-bf8d-1f6a1c88cb44,5
ec0a6c71-09d6-44f0-84ca-f1aaafb79e59,348
1c9ce92b-48f9-4c88-90f6-e7044f11856e,348
22349437-9552-429e-9755-7429594a4843,348
22349437-9552-429e-9755-7429594a4843,348
3a78dc59-0168-4bc5-8c36-20625a205cd7,522
5992969f-7f42-4fcf-8035-24555e709764,200
827cc20f-d170-435e-8f0a-4e18f05e5aaf,204
c7b2f428-c70a-41e2-b9ee-1d37225b8689,520
63442f9a-c039-4d1e-af24-bcac2e410d25,522
25d734e6-b3cb-469a-84e3-0da9dc339f5c,17
704befa5-d852-4d1b-b197-7a25ab3273e9,39
c0402037-9f54-48e9-9cfa-0938fecff273,69
f7b20ea1-8b28-4bfc-835b-7f68d005506a,101
1c9ce92b-48f9-4c88-90f6-e7044f11856e,348
0df84a6e-3e59-402c-a551-693dd87a3916,1035
f7474f81-9725-42d6-b72f-ebb2fb3618e3,2001
759c6b0c-5f24-4175-8c8a-ec269b8ffee9,254
759c6b0c-5f24-4175-8c8a-ec269b8ffee9,254
7ddaffe6-43bd-43b2-aa74-edaa08886690,348
3a78dc59-0168-4bc5-8c36-20625a205cd7,522
5992969f-7f42-4fcf-8035-24555e709764,200
0ed47379-ee88-412a-851c-3e2148ee5a57,6
25d734e6-b3cb-469a-84e3-0da9dc339f5c,17
6ad10c1d-eccd-4a05-8d0d-72bc17c05dfd,39
2eb9a4cd-ecbd-4efe-9643-eb8aa02450dc,69
ffcdbd06-a7f6-4fcc-b67a-5837b3fa0a5a,101
51978940-ff02-49ee-84eb-70686dbd3130,103
dc0d6060-89bc-40c7-97da-a7589a188703,112
dc0d6060-89bc-40c7-97da-a7589a188703,114
a0164778-7c84-4abe-b114-3f03cd6b521f,252
9b1619bb-253e-4086-8b5c-bc35395d85bd,288
6dfa5fb3-a613-4230-b515-4ed38ac22c9a,390
686d7090-191f-4695-adf6-5dc694a4d897,440
bad6a1eb-845b-48c9-b2b2-911753742d94,504
561704fc-1336-4e14-a3d9-2283a20024f9,658
23ec1134-71df-4066-b2f1-71717c484ec5,664
20154911-299a-4c80-ba83-28c0044ad43e,708
9287426f-5f67-4818-86a2-a5fce7a868aa,960
0df84a6e-3e59-402c-a551-693dd87a3916,1035
46014489-f136-4b98-9c1e-c60a22ec758f,2001
c53deac6-5343-45ac-9bdb-2565421dd38c,2025
c53deac6-5343-45ac-9bdb-2565421dd38c,2036
561704fc-1336-4e14-a3d9-2283a20024f9,3658
23ec1134-71df-4066-b2f1-71717c484ec5,3664
c53deac6-5343-45ac-9bdb-2565421dd38c,7983
c7b2f428-c70a-41e2-b9ee-1d37225b8689,390
2d5ca2ef-ba16-4f72-b325-6addd0aeda3d,658
2d5ca2ef-ba16-4f72-b325-6addd0aeda3d,3658
c02f1faf-d017-402a-a604-3d84643c1b7f,7983
968fd05a-9eb3-4a6d-a0bc-54fef53a866d,348
23ec1134-71df-4066-b2f1-71717c484ec5,662
23ec1134-71df-4066-b2f1-71717c484ec5,3662
4f1d6b92-7b09-41c3-adac-47e4c9644963,348
80790b64-2b3e-4846-aeca-d2aabf25113d,662
80790b64-2b3e-4846-aeca-d2aabf25113d,3662
d101b673-7763-4c2c-bad4-4aa074e54077,348
23c7827b-db03-47c9-a544-8fb9d91518f5,348
d101b673-7763-4c2c-bad4-4aa074e54077,348
827cc20f-d170-435e-8f0a-4e18f05e5aaf,200
827cc20f-d170-435e-8f0a-4e18f05e5aaf,202
5c55797e-a644-43b8-8e49-e079dd905907,522
3a78dc59-0168-4bc5-8c36-20625a205cd7,522
83c07d09-2030-4bc4-be54-123a8a3915cc,200
30316370-5dbd-4222-9d31-04ae4ce590d7,212
6945be70-f9ed-4c50-973f-da2fc2532f86,214
72610f70-3a3c-4fa4-a51b-48dbd30df307,219
72610f70-3a3c-4fa4-a51b-48dbd30df307,219
72610f70-3a3c-4fa4-a51b-48dbd30df307,220
72610f70-3a3c-4fa4-a51b-48dbd30df307,224
1eead474-8d29-4dd5-ae8c-935009f71b99,238
1eead474-8d29-4dd5-ae8c-935009f71b99,238
dbc5a7bf-b9e7-43c1-bd63-3f45ce7f2293,314
ab723792-6a03-49fa-8eab-51748eb20237,322
8caf132d-e88a-46e7-81a9-0466a9a6c167,324
d11c5c80-971a-4d93-8c5d-a7b46be28f46,440
877c6c4d-f453-4649-b7ff-96e2f743148f,5
0ed47379-ee88-412a-851c-3e2148ee5a57,11
410c8d03-3eba-4d7d-a318-a95b5678a4cc,17
60a6983f-92b7-4329-b883-c85248d00228,18
686d7090-191f-4695-adf6-5dc694a4d897,27
63b13d08-44b0-48b4-9a2c-6c2211f2e179,30
704befa5-d852-4d1b-b197-7a25ab3273e9,39
879bd700-dace-4091-bff3-af067c081877,60
c76c51a4-1c32-40aa-814f-bf66b32e1853,69
6dfa5fb3-a613-4230-b515-4ed38ac22c9a,73
c56a6ffa-8635-4c3d-96eb-a6c0850de6bf,80
d51843a9-2c8d-4b13-ae62-1297b5d8cb30,84
73c65e11-6e63-45f7-958d-520485065ed3,90
4134badd-830d-485a-99ff-5bfaeaaa78e9,92
de24c657-fde6-4f45-b822-f5340c1926fb,101
c583c924-72fa-4653-b226-503aee6db0c2,103
2893b3f0-3195-4769-82d5-2f8f43c93578,107
f7b20ea1-8b28-4bfc-835b-7f68d005506a,112
f7b20ea1-8b28-4bfc-835b-7f68d005506a,114
a5e7e8ce-edee-4b99-b5ba-95677dcefecb,116
dc8503d3-4b02-45cc-bfe6-4af7f0749888,118
02ff39cc-e269-4709-aa9c-72e3661786fe,120
3b5e4b1c-7251-4125-8e2e-29f565d729bd,122
02ff39cc-e269-4709-aa9c-72e3661786fe,123
c9f3eed2-4675-493d-9de5-a9143adfdaab,150
d0a9ccf2-9005-495c-a763-08c57e0cd2cd,154
c9f3eed2-4675-493d-9de5-a9143adfdaab,156
d592a8db-80c6-4f08-aac0-23efafd8410f,170
0b8127bc-5f12-474a-96b0-0037a0f873e3,172
9b1619bb-253e-4086-8b5c-bc35395d85bd,196
51b64d85-256f-4884-a218-266e2bd70f50,198
5992969f-7f42-4fcf-8035-24555e709764,201
5992969f-7f42-4fcf-8035-24555e709764,201
f6e2328a-af8c-4970-bbf6-1bc7071f1075,204
75e24186-cd37-420d-9555-4b5e4a765006,208
a83e1325-e0be-491c-b666-0347876c4d98,209
e0b74408-53a6-4696-b209-a76726dbcaa8,210
366ba94b-805b-488c-83d7-637ea0ba49ae,211
366ba94b-805b-488c-83d7-637ea0ba49ae,211
7a8d2c12-8c9d-4521-9db8-70d74414a7c0,212
7a8d2c12-8c9d-4521-9db8-70d74414a7c0,212
73058510-b860-4e89-a02a-c4d37211dad7,213
4b1cc7db-6d65-409b-bb1b-4f1e9a9445c4,214
a6110618-f710-4084-84d7-b649d901b3e1,216
a6110618-f710-4084-84d7-b649d901b3e1,216
380d62da-db0b-4c2a-b601-9804ec26b2c2,219
380d62da-db0b-4c2a-b601-9804ec26b2c2,219
99c8d591-218e-421e-b773-de52e4e3461c,220
99c8d591-218e-421e-b773-de52e4e3461c,221
e0b74408-53a6-4696-b209-a76726dbcaa8,222
f6e2328a-af8c-4970-bbf6-1bc7071f1075,230
e0ef922f-c7d0-47ba-a434-1a317464ccb7,232
e5ff8ddb-69de-4d2b-bdd5-9ae27db5fd81,233
50e7dc18-a996-42cc-8ecf-a4c8c30f86ce,235
1eead474-8d29-4dd5-ae8c-935009f71b99,238
1eead474-8d29-4dd5-ae8c-935009f71b99,238
84dc93b1-7c99-4918-afa3-04ef76c33a05,239
366ba94b-805b-488c-83d7-637ea0ba49ae,241
366ba94b-805b-488c-83d7-637ea0ba49ae,241
50e7dc18-a996-42cc-8ecf-a4c8c30f86ce,242
72da0bf6-0469-45e0-85fe-8e206768d9f4,243
72da0bf6-0469-45e0-85fe-8e206768d9f4,243
5237c0e5-c343-43b9-ac78-6b6608c39ae9,248
5237c0e5-c343-43b9-ac78-6b6608c39ae9,248
25dd6bd2-3e1a-4abd-8388-f1166f70760f,249
25dd6bd2-3e1a-4abd-8388-f1166f70760f,249
a0164778-7c84-4abe-b114-3f03cd6b521f,252
759c6b0c-5f24-4175-8c8a-ec269b8ffee9,254
773412b7-be92-428e-8114-b85299f0fdd7,258
7754ca73-01c2-4a2e-ab34-f924100b9510,262
3d02525b-c123-4bff-b4bb-fe0d58d30b3c,280
a8ea560d-30a3-4180-a5e1-7da27035df45,282
977ea7f5-3cc6-4248-bf93-37ca3ebcee55,284
977ea7f5-3cc6-4248-bf93-37ca3ebcee55,284
86bb6987-d05f-4cd1-8ddc-10ff06901012,286
65cd6918-9043-488c-98be-856a157f5bda,288
2e33469c-860b-4c81-adc9-cba9d53c9d52,302
ff2507b4-b55c-4ede-8dae-25fdbaafd1b5,311
aaf4f053-9b6f-41fa-b6a5-a4e6cfb4a67e,316
8caf132d-e88a-46e7-81a9-0466a9a6c167,320
ff2507b4-b55c-4ede-8dae-25fdbaafd1b5,322
aaf4f053-9b6f-41fa-b6a5-a4e6cfb4a67e,324
5426a687-ef8c-49b4-9bf5-9694e06ba5f1,335
ab723792-6a03-49fa-8eab-51748eb20237,346
67018a7a-9df3-4ee4-ac4d-e3bea8334f0b,348
238edd36-b6d1-40df-b03a-19fc71dd1948,354
37ba2883-5747-4db6-8ce2-41a040790686,358
ab32e174-64b0-42ea-bba9-87aa1505af0a,362
238edd36-b6d1-40df-b03a-19fc71dd1948,364
f952d400-cde8-485d-a752-baa0cab50523,368
c01ccefe-23b4-4860-a099-90ad3249f065,370
ffb45b08-1d3c-40cc-a921-48cec7557a7c,380
ffb45b08-1d3c-40cc-a921-48cec7557a7c,382
ede8ac57-a7dd-4f6c-9de3-3037e63beced,386
ede8ac57-a7dd-4f6c-9de3-3037e63beced,388
fafdeba4-bbd8-43a6-bbc4-f4655a423161,394
7505c46c-83f0-410c-915a-13bde6fa83de,396
7505c46c-83f0-410c-915a-13bde6fa83de,398
2628ce9f-e9c7-4f8d-be58-6e1f6467fa47,409
3d53e795-99cc-4f04-96d5-abf766572902,410
686d7090-191f-4695-adf6-5dc694a4d897,412
61020990-fcb5-489f-9ce4-e9949e020fa6,414
43a814a4-7862-473c-9af5-7a2aa8ddbc01,416
d67050a2-d14f-437c-9837-1cd8327a356d,418
4437128a-a6cd-44f6-85d7-95f81f0a8c19,421
0551adbd-67f2-4dd9-8694-39760ae14657,423
d67050a2-d14f-437c-9837-1cd8327a356d,428
7a144dba-90b1-4877-bf33-b29ce758aeb8,430
3d53e795-99cc-4f04-96d5-abf766572902,436
51b64d85-256f-4884-a218-266e2bd70f50,437
d11c5c80-971a-4d93-8c5d-a7b46be28f46,440
e0466693-b742-46a9-a519-14cf1bafb85d,442
456ad22e-6d74-4e99-8b5c-cea573ab1e4a,450
237d9903-d1a2-46a6-9e29-6167b3462617,453
d5495656-0283-42f2-8514-847c2314a56e,454
237d9903-d1a2-46a6-9e29-6167b3462617,455
43d9bcd5-4870-4eed-ab52-1316876e5bac,458
e0466693-b742-46a9-a519-14cf1bafb85d,472
63b13d08-44b0-48b4-9a2c-6c2211f2e179,476
4437128a-a6cd-44f6-85d7-95f81f0a8c19,482
3d53e795-99cc-4f04-96d5-abf766572902,486
10065ad3-3715-4366-bb80-ce3d3cc58303,502
bad6a1eb-845b-48c9-b2b2-911753742d94,504
bad6a1eb-845b-48c9-b2b2-911753742d94,511
5d51fd8c-a02e-4b2b-bd5e-d4ff40d0f695,512
63442f9a-c039-4d1e-af24-bcac2e410d25,520
99b4203b-3d33-4d25-9fda-d8bfb7b7e76a,522
99b4203b-3d33-4d25-9fda-d8bfb7b7e76a,524
773412b7-be92-428e-8114-b85299f0fdd7,528
5d51fd8c-a02e-4b2b-bd5e-d4ff40d0f695,530
5c486663-8087-4a93-98f5-6fecc6ec8610,532
29391203-75e2-4844-8579-8018609bf7a2,560
29391203-75e2-4844-8579-8018609bf7a2,560
ec9a3468-4422-4458-9e00-dd07d1d072fa,585
03ca30b3-6343-458e-9a29-dddc83fac877,601
cae4d520-5627-4470-a0dd-2c24da93be9f,603
927f476c-141e-4957-936c-67348f8252bc,606
37b73248-e48a-4e0f-a5e4-8b28fa031ae4,608
197720ca-8762-464b-9447-f53852926cb5,610
cae4d520-5627-4470-a0dd-2c24da93be9f,630
8e6f6612-82f6-483e-9bd2-b2bc9e1a40fb,634
8e6f6612-82f6-483e-9bd2-b2bc9e1a40fb,640
08930c0e-9c6e-47c2-bd2f-0cffc949689f,644
20154911-299a-4c80-ba83-28c0044ad43e,657
57d299d6-9ade-4d42-b8e3-094bdf49c713,658
9fa82612-30de-4576-b890-2a8cdbe0e286,661
a8ea560d-30a3-4180-a5e1-7da27035df45,666
9e20bf04-d080-4c28-92b9-e7b75b5f4b76,667
927f476c-141e-4957-936c-67348f8252bc,669
36dca220-d98b-4883-bd6a-7702fd93806e,702
2d6fa3f9-fd80-43be-8886-8611915c7b98,706
0013bcab-3895-48ad-8d19-708a3dda166d,710
e65ef93c-9a3d-4ee6-820d-0f3dd186d3df,712
4d9621db-ca88-4397-be76-bfe5254efc7b,732
ceac6e8e-bc36-4dea-84e5-3e3e5d0f60df,734
b2f6c1ff-04b3-4a4d-a817-9844f11b1e2f,736
b0edb68e-59fc-4624-aefc-9c57dec8111c,769
42cb2db4-28e4-4592-acc2-f1ca2ad7a86d,771
a8dbb2cf-1f3b-421a-9b3e-dfa274fb0cd1,774
e84cbde6-c59b-445f-af2e-95268fc23f17,777
10865e95-be07-4836-a93b-4e0a234fcdea,781
42cb2db4-28e4-4592-acc2-f1ca2ad7a86d,786
e84cbde6-c59b-445f-af2e-95268fc23f17,787
62410a29-a26d-4e76-b07d-64f038665701,798
0a20bb46-a313-4af7-8918-3e40fdcbad27,960
0a20bb46-a313-4af7-8918-3e40fdcbad27,962
b0edb68e-59fc-4624-aefc-9c57dec8111c,969
b0edb68e-59fc-4624-aefc-9c57dec8111c,969
12ebeea7-f395-426a-bc11-3aa3fff5fbf1,970
e666d458-c7ff-4903-80fd-513bfe1b42b4,975
e666d458-c7ff-4903-80fd-513bfe1b42b4,975
e0ef922f-c7d0-47ba-a434-1a317464ccb7,991
e0ef922f-c7d0-47ba-a434-1a317464ccb7,991
699ac121-70c2-44dc-bdbc-b08137e18ebe,1025
699ac121-70c2-44dc-bdbc-b08137e18ebe,1025
653a55d2-cce8-4a36-b8cc-1c3c56f2ceee,1034
0df84a6e-3e59-402c-a551-693dd87a3916,1035
6da2f4a3-7077-400b-afe2-45cd923a9d8f,1056
6da2f4a3-7077-400b-afe2-45cd923a9d8f,1060
d51843a9-2c8d-4b13-ae62-1297b5d8cb30,1065
4fa28c93-c299-4b2a-bf1b-e4af777c0aba,1071
244c9c70-585c-4375-8f2a-d902a9fd4ecc,1074
89b02efa-5b2b-4e89-9510-93d8a17971b7,1076
89b02efa-5b2b-4e89-9510-93d8a17971b7,1076
4fa28c93-c299-4b2a-bf1b-e4af777c0aba,1077
1fb717f1-6237-4016-a548-5de4b9d76a22,1084
ac640511-3036-45a5-b887-595a4a45ac25,1090
ac640511-3036-45a5-b887-595a4a45ac25,1090
3477b571-5a96-4edb-98d3-fa78f5190771,1091
863726f6-99ec-4199-9b43-74e6a05e120e,2001
863726f6-99ec-4199-9b43-74e6a05e120e,2025
46014489-f136-4b98-9c1e-c60a22ec758f,2036
a5e7e8ce-edee-4b99-b5ba-95677dcefecb,3116
dc8503d3-4b02-45cc-bfe6-4af7f0749888,3118
02ff39cc-e269-4709-aa9c-72e3661786fe,3120
02ff39cc-e269-4709-aa9c-72e3661786fe,3123
927f476c-141e-4957-936c-67348f8252bc,3606
20154911-299a-4c80-ba83-28c0044ad43e,3657
57d299d6-9ade-4d42-b8e3-094bdf49c713,3658
9fa82612-30de-4576-b890-2a8cdbe0e286,3661
927f476c-141e-4957-936c-67348f8252bc,3669
0013bcab-3895-48ad-8d19-708a3dda166d,3710
4fa28c93-c299-4b2a-bf1b-e4af777c0aba,5003
4fa28c93-c299-4b2a-bf1b-e4af777c0aba,5008
89b02efa-5b2b-4e89-9510-93d8a17971b7,5010
3477b571-5a96-4edb-98d3-fa78f5190771,5011
c02f1faf-d017-402a-a604-3d84643c1b7f,5012
6530575f-e2f0-4dd5-b525-1dde1848ad2e,7913
0482c36b-19f2-44db-8913-9d82dc1785bb,7935
4c87cc64-7d9f-491a-a9c0-20e5b6ef8986,7980
e4a580ae-cb36-4ef8-9ce8-212e375ac48f,7984
4c87cc64-7d9f-491a-a9c0-20e5b6ef8986,7991
0e69b976-f90b-4b16-b9a4-e2bd16afa8d9,7993
e4a580ae-cb36-4ef8-9ce8-212e375ac48f,5
6dfa5fb3-a613-4230-b515-4ed38ac22c9a,73
0551adbd-67f2-4dd9-8694-39760ae14657,423
f3261597-d130-4266-8106-8f3184158a87,771
a84e1995-23c3-4e1d-92f9-ff15302308b9,774
a5ef3157-fbdf-4958-a58c-c8b6f0aea0a2,777
38e777ca-d673-4762-b94b-845e87384bd4,781
5ba5d021-5d8e-4f0d-81be-27f1b7386478,786
2bdba029-9ce4-4419-9235-6e773faa451e,787
fc4041a0-3783-40a9-85b5-28679f59734e,798
accc1df2-7d5e-476c-b3ba-10ad347645b9,970
d0c95b68-64f1-474e-b727-2f62da7978c2,975
8e6499de-a78a-4637-947b-9f6d2cf44270,90
af0875e5-71d4-4587-ac05-07e995043236,92
bcc9ff6f-7624-4a41-8378-ac9a5f870725,601
71254931-0a32-49cf-a168-d04d986e8493,603
50516a6f-4f29-4b8f-ab44-ee6a8c386bac,608
9d210bd9-98ae-4b44-b02c-846ad708794f,630
9eba3c9a-0ffd-4ef6-8a82-009f95998d5b,634
182f3aca-d53f-4924-ae38-d0cba896b347,640
2d5ca2ef-ba16-4f72-b325-6addd0aeda3d,658
2ba66d85-d1bc-42b1-9f46-b03f2c289cc9,667
dad1e85c-de6c-4eaf-ae4d-c87cb086eed2,732
c1239dec-0a65-4ab2-b566-6fe775747cc6,734
911b1cff-09f8-476d-992a-572e50f748eb,736
2d5ca2ef-ba16-4f72-b325-6addd0aeda3d,3658
c02f1faf-d017-402a-a604-3d84643c1b7f,7913
c02f1faf-d017-402a-a604-3d84643c1b7f,7935
c02f1faf-d017-402a-a604-3d84643c1b7f,7984
c02f1faf-d017-402a-a604-3d84643c1b7f,7991
c02f1faf-d017-402a-a604-3d84643c1b7f,7993
10109156-b1ba-422d-b1b8-8892c2dc4e7b,22
c85ced17-1c74-4d2f-b117-ab6f4505e2b9,28
1dd8bce4-850b-409c-88ca-0040a24218f8,82
166a08f0-c80d-4d4a-bf05-f4b2bdf78c43,152
33b6f354-fef5-429e-9538-f96257f0fbf1,202
b68ba08f-8954-4aa1-b744-107b2d5bd3b6,206
1eead474-8d29-4dd5-ae8c-935009f71b99,218
a6110618-f710-4084-84d7-b649d901b3e1,224
a6110618-f710-4084-84d7-b649d901b3e1,224
4de89082-6bc1-43e0-a24a-480dd5009cb2,240
4de89082-6bc1-43e0-a24a-480dd5009cb2,240
6530575f-e2f0-4dd5-b525-1dde1848ad2e,246
6530575f-e2f0-4dd5-b525-1dde1848ad2e,246
6dfa5fb3-a613-4230-b515-4ed38ac22c9a,390
773412b7-be92-428e-8114-b85299f0fdd7,392
7505c46c-83f0-410c-915a-13bde6fa83de,398
0e55fa1c-e64b-4529-9c83-283489e9d982,452
edeea1d2-ae73-4f6c-b501-63998ae1334b,462
bad6a1eb-845b-48c9-b2b2-911753742d94,508
d51843a9-2c8d-4b13-ae62-1297b5d8cb30,550
2d6fa3f9-fd80-43be-8886-8611915c7b98,632
e0c73af8-76ab-4384-81db-bed51e21e999,636
af306f42-838c-4831-8e9d-deef93d64285,638
1ce0260b-e4ac-4fb1-adcd-3659df5b4748,642
06397ae8-4a3c-4003-9419-ac0437a8a812,652
a23770fa-e507-43aa-a152-f88ce076ac98,654
b6015b3a-0b20-436d-9132-3c424850b9df,660
23ec1134-71df-4066-b2f1-71717c484ec5,662
a23770fa-e507-43aa-a152-f88ce076ac98,664
10109156-b1ba-422d-b1b8-8892c2dc4e7b,3022
23ec1134-71df-4066-b2f1-71717c484ec5,3662
81e27c60-de23-4263-ad5b-73045219d73d,7905
6dfa5fb3-a613-4230-b515-4ed38ac22c9a,390
99b4203b-3d33-4d25-9fda-d8bfb7b7e76a,392
bcc9ff6f-7624-4a41-8378-ac9a5f870725,632
26eb3a84-094f-407b-a35f-b1cf8f3dd870,636
58b0a963-e2dd-47ec-879f-7b85705e5a0d,638
ada77d6b-8980-4863-9fb7-69e1f971c3b8,652
b6015b3a-0b20-436d-9132-3c424850b9df,654
a7d1cf86-d48b-4cf9-b77b-dd449369bdff,660
c02f1faf-d017-402a-a604-3d84643c1b7f,7905
bb2237cf-d7ab-4a63-87f8-8287fc58030e,22
71101f47-fb72-480f-bfe6-31023f5abb6f,28
c56a6ffa-8635-4c3d-96eb-a6c0850de6bf,82
04b7abae-0209-4a40-9ea6-618ddc106e53,152
2c356170-9949-4586-97f9-ec6fb99d665a,202
4de89082-6bc1-43e0-a24a-480dd5009cb2,206
e0b74408-53a6-4696-b209-a76726dbcaa8,218
1eead474-8d29-4dd5-ae8c-935009f71b99,224
1eead474-8d29-4dd5-ae8c-935009f71b99,224
0ecd41db-9d91-46b9-aa0b-89fadaa62c65,240
0ecd41db-9d91-46b9-aa0b-89fadaa62c65,240
84dc93b1-7c99-4918-afa3-04ef76c33a05,246
84dc93b1-7c99-4918-afa3-04ef76c33a05,246
5c486663-8087-4a93-98f5-6fecc6ec8610,390
044904f7-3d79-4df6-93f3-6c162fafdfb4,392
ffb45b08-1d3c-40cc-a921-48cec7557a7c,398
99b4203b-3d33-4d25-9fda-d8bfb7b7e76a,452
2c356170-9949-4586-97f9-ec6fb99d665a,462
5c486663-8087-4a93-98f5-6fecc6ec8610,508
678491a0-c85b-4e1a-8e71-654a8d5c71c4,550
561704fc-1336-4e14-a3d9-2283a20024f9,632
4d037f71-e81c-45fc-ac57-fb4e98f5576c,636
71254931-0a32-49cf-a168-d04d986e8493,638
80790b64-2b3e-4846-aeca-d2aabf25113d,642
300e17aa-f60a-48f8-a9b4-ee89ec55a2c8,652
564c7312-bbe1-408d-b286-dbd89f9f86cd,654
a08f4dd7-8384-4a85-b832-691d1b9c8ac5,660
a23770fa-e507-43aa-a152-f88ce076ac98,662
23ec1134-71df-4066-b2f1-71717c484ec5,664
bb2237cf-d7ab-4a63-87f8-8287fc58030e,3022
a23770fa-e507-43aa-a152-f88ce076ac98,3662
23ec1134-71df-4066-b2f1-71717c484ec5,3664
1ce0260b-e4ac-4fb1-adcd-3659df5b4748,7905
10065ad3-3715-4366-bb80-ce3d3cc58303,390
99b4203b-3d33-4d25-9fda-d8bfb7b7e76a,392
bcc9ff6f-7624-4a41-8378-ac9a5f870725,632
26eb3a84-094f-407b-a35f-b1cf8f3dd870,636
58b0a963-e2dd-47ec-879f-7b85705e5a0d,638
ada77d6b-8980-4863-9fb7-69e1f971c3b8,652
b6015b3a-0b20-436d-9132-3c424850b9df,654
a7d1cf86-d48b-4cf9-b77b-dd449369bdff,660
c02f1faf-d017-402a-a604-3d84643c1b7f,7905
83c07d09-2030-4bc4-be54-123a8a3915cc,147
33b6f354-fef5-429e-9538-f96257f0fbf1,200
0dc2eeb4-a9df-4dc3-8012-4f25a13d4d1d,7902
653a55d2-cce8-4a36-b8cc-1c3c56f2ceee,348
c02f1faf-d017-402a-a604-3d84643c1b7f,7902
0cdbebd4-9b95-46ac-8404-2fe89d74ac3b,147
b0edb68e-59fc-4624-aefc-9c57dec8111c,200
0551adbd-67f2-4dd9-8694-39760ae14657,7902
ded1ae59-de58-4f15-af31-152d280759ae,348
c02f1faf-d017-402a-a604-3d84643c1b7f,7902
c585b29d-1855-4365-84fd-02862ea5b53f,147
4de89082-6bc1-43e0-a24a-480dd5009cb2,200
49cc00a4-e23e-41d3-8904-93f91a7f5972,7902
653a55d2-cce8-4a36-b8cc-1c3c56f2ceee,348
c02f1faf-d017-402a-a604-3d84643c1b7f,7902
ded1ae59-de58-4f15-af31-152d280759ae,348
c8681072-fe16-487f-950f-a1948d28572f,200
c8681072-fe16-487f-950f-a1948d28572f,202
5c55797e-a644-43b8-8e49-e079dd905907,522
3a78dc59-0168-4bc5-8c36-20625a205cd7,522
83c07d09-2030-4bc4-be54-123a8a3915cc,200
877c6c4d-f453-4649-b7ff-96e2f743148f,5
ed00a489-f20b-4b11-a34c-07923500c6bf,8
2baddce3-4fa4-4a77-a840-7cf4c393ab2a,28
6ad10c1d-eccd-4a05-8d0d-72bc17c05dfd,39
6ae8633e-3494-4351-89d9-804fd5e6d516,101
6c8f6165-2dfb-468e-aa70-fda64eeac048,118
cfaafc63-1b78-4820-adb4-bb4bb5030d43,520
08930c0e-9c6e-47c2-bd2f-0cffc949689f,601
80790b64-2b3e-4846-aeca-d2aabf25113d,654
e0ef922f-c7d0-47ba-a434-1a317464ccb7,769
e0ef922f-c7d0-47ba-a434-1a317464ccb7,769
0df84a6e-3e59-402c-a551-693dd87a3916,1035
9de250cd-1ac7-428d-87fd-bc7c0f112eea,2001
6c8f6165-2dfb-468e-aa70-fda64eeac048,3118
f4f69853-62c5-40a0-bf8d-1f6a1c88cb44,5
bcc9ff6f-7624-4a41-8378-ac9a5f870725,601
b6015b3a-0b20-436d-9132-3c424850b9df,654
a08f4dd7-8384-4a85-b832-691d1b9c8ac5,656
a08f4dd7-8384-4a85-b832-691d1b9c8ac5,3656
bb2237cf-d7ab-4a63-87f8-8287fc58030e,7905
c02f1faf-d017-402a-a604-3d84643c1b7f,7905
458d6203-15e5-42b6-8de6-38deb6d1ecfd,656
458d6203-15e5-42b6-8de6-38deb6d1ecfd,3656
1ce0260b-e4ac-4fb1-adcd-3659df5b4748,7905
c02f1faf-d017-402a-a604-3d84643c1b7f,7905
c8681072-fe16-487f-950f-a1948d28572f,200
c8681072-fe16-487f-950f-a1948d28572f,202
5c55797e-a644-43b8-8e49-e079dd905907,522
3a78dc59-0168-4bc5-8c36-20625a205cd7,522
5992969f-7f42-4fcf-8035-24555e709764,200
30316370-5dbd-4222-9d31-04ae4ce590d7,212
30316370-5dbd-4222-9d31-04ae4ce590d7,214
72610f70-3a3c-4fa4-a51b-48dbd30df307,220
72610f70-3a3c-4fa4-a51b-48dbd30df307,224
b25b1c17-6d6e-44f2-b649-2df847151290,238
dbc5a7bf-b9e7-43c1-bd63-3f45ce7f2293,316
ab723792-6a03-49fa-8eab-51748eb20237,322
8caf132d-e88a-46e7-81a9-0466a9a6c167,324
d11c5c80-971a-4d93-8c5d-a7b46be28f46,440
24c11f78-a1c2-4705-9725-5a794653eccb,1
f4f69853-62c5-40a0-bf8d-1f6a1c88cb44,5
ed00a489-f20b-4b11-a34c-07923500c6bf,6
aa84fc34-eead-4068-a96a-f76fa0cb9ad8,9
ed00a489-f20b-4b11-a34c-07923500c6bf,11
60a6983f-92b7-4329-b883-c85248d00228,18
10109156-b1ba-422d-b1b8-8892c2dc4e7b,22
2baddce3-4fa4-4a77-a840-7cf4c393ab2a,28
c76c51a4-1c32-40aa-814f-bf66b32e1853,69
6dfa5fb3-a613-4230-b515-4ed38ac22c9a,73
9e20bf04-d080-4c28-92b9-e7b75b5f4b76,90
4134badd-830d-485a-99ff-5bfaeaaa78e9,92
499607bb-3a5d-4181-b957-063f5751d93c,101
101c3f08-505a-43f4-90f5-adb44ed88ea2,103
a79cbcfc-196e-4379-8490-6604014a1c6b,112
9f7f9e8c-cb2a-4836-b6dd-4760359b5a42,114
ffcdbd06-a7f6-4fcc-b67a-5837b3fa0a5a,116
afed18cb-89c5-410e-8818-a2e1592944d7,118
26c092e7-8a55-493d-89ce-573f22da0cc6,147
5b52bde3-2505-4cb8-b10a-f57d450ad9c8,150
83c07d09-2030-4bc4-be54-123a8a3915cc,152
d0a9ccf2-9005-495c-a763-08c57e0cd2cd,154
049ca248-bb2c-4253-bdbf-c238a15da210,156
0b8127bc-5f12-474a-96b0-0037a0f873e3,170
0b8127bc-5f12-474a-96b0-0037a0f873e3,172
5bf8c250-1413-4599-84dd-795d08e3ef39,173
5992969f-7f42-4fcf-8035-24555e709764,201
f6e2328a-af8c-4970-bbf6-1bc7071f1075,202
a46317de-4dd4-4c1f-b28b-43ced7a1143f,210
a46317de-4dd4-4c1f-b28b-43ced7a1143f,210
f6e2328a-af8c-4970-bbf6-1bc7071f1075,230
e5ff8ddb-69de-4d2b-bdd5-9ae27db5fd81,234
75e24186-cd37-420d-9555-4b5e4a765006,236
b25b1c17-6d6e-44f2-b649-2df847151290,238
b25b1c17-6d6e-44f2-b649-2df847151290,238
4de89082-6bc1-43e0-a24a-480dd5009cb2,243
72da0bf6-0469-45e0-85fe-8e206768d9f4,244
72da0bf6-0469-45e0-85fe-8e206768d9f4,244
e5bf1cfa-55c3-49bb-8b99-db8eafb2ca25,252
759c6b0c-5f24-4175-8c8a-ec269b8ffee9,254
044904f7-3d79-4df6-93f3-6c162fafdfb4,258
5e97e728-da28-4a52-8774-4cfc79a7e3b9,280
5e97e728-da28-4a52-8774-4cfc79a7e3b9,280
a8ea560d-30a3-4180-a5e1-7da27035df45,282
ff2507b4-b55c-4ede-8dae-25fdbaafd1b5,300
ff2507b4-b55c-4ede-8dae-25fdbaafd1b5,307
ff2507b4-b55c-4ede-8dae-25fdbaafd1b5,307
ff2507b4-b55c-4ede-8dae-25fdbaafd1b5,311
8caf132d-e88a-46e7-81a9-0466a9a6c167,316
ff2507b4-b55c-4ede-8dae-25fdbaafd1b5,322
8caf132d-e88a-46e7-81a9-0466a9a6c167,324
ec9a3468-4422-4458-9e00-dd07d1d072fa,332
4f1d6b92-7b09-41c3-adac-47e4c9644963,349
ab32e174-64b0-42ea-bba9-87aa1505af0a,434
cfaafc63-1b78-4820-adb4-bb4bb5030d43,454
237d9903-d1a2-46a6-9e29-6167b3462617,455
e65ef93c-9a3d-4ee6-820d-0f3dd186d3df,458
53292ccb-4918-47a1-9e3f-1b485d0994af,460
53292ccb-4918-47a1-9e3f-1b485d0994af,460
044904f7-3d79-4df6-93f3-6c162fafdfb4,506
044904f7-3d79-4df6-93f3-6c162fafdfb4,510
d5495656-0283-42f2-8514-847c2314a56e,512
838010ba-1926-4b23-b688-3eb75b59ed7d,522
99b4203b-3d33-4d25-9fda-d8bfb7b7e76a,526
10065ad3-3715-4366-bb80-ce3d3cc58303,530
678491a0-c85b-4e1a-8e71-654a8d5c71c4,550
03ca30b3-6343-458e-9a29-dddc83fac877,601
af306f42-838c-4831-8e9d-deef93d64285,603
8e6f6612-82f6-483e-9bd2-b2bc9e1a40fb,634
4d037f71-e81c-45fc-ac57-fb4e98f5576c,638
a08f4dd7-8384-4a85-b832-691d1b9c8ac5,656
57d299d6-9ade-4d42-b8e3-094bdf49c713,658
16d64d49-1a10-4b12-9057-f3f2b4ca9458,664
4c684bdd-22a3-4262-b58b-0fa99c84c4bb,665
a8ea560d-30a3-4180-a5e1-7da27035df45,666
4134badd-830d-485a-99ff-5bfaeaaa78e9,667
c8c319fa-059a-4197-913d-d4b095fd4e98,700
36dca220-d98b-4883-bd6a-7702fd93806e,702
845cb7e6-7c07-4a4f-aa67-106535a51ccc,704
0013bcab-3895-48ad-8d19-708a3dda166d,706
20154911-299a-4c80-ba83-28c0044ad43e,708
0013bcab-3895-48ad-8d19-708a3dda166d,710
9923e82d-e915-4656-bf21-2e7f6cda67ed,732
b2f6c1ff-04b3-4a4d-a817-9844f11b1e2f,734
b6854139-a585-495b-a3a1-a75ae5c0dff4,769
b6854139-a585-495b-a3a1-a75ae5c0dff4,769
62410a29-a26d-4e76-b07d-64f038665701,771
bf5043a9-c5a1-49f8-9a34-b853db9972ae,787
cad31c0c-0f8a-4e49-be58-ee6c52517c4e,960
cad31c0c-0f8a-4e49-be58-ee6c52517c4e,962
b0edb68e-59fc-4624-aefc-9c57dec8111c,980
b6854139-a585-495b-a3a1-a75ae5c0dff4,991
0df84a6e-3e59-402c-a551-693dd87a3916,1035
7c5fe042-4758-4853-a3a1-8f4d0bb838bc,2001
c3ab4033-75ec-4edf-8d18-611e971d7560,2025
c3ab4033-75ec-4edf-8d18-611e971d7560,2036
10109156-b1ba-422d-b1b8-8892c2dc4e7b,3022
ffcdbd06-a7f6-4fcc-b67a-5837b3fa0a5a,3116
afed18cb-89c5-410e-8818-a2e1592944d7,3118
a08f4dd7-8384-4a85-b832-691d1b9c8ac5,3656
57d299d6-9ade-4d42-b8e3-094bdf49c713,3658
16d64d49-1a10-4b12-9057-f3f2b4ca9458,3664
0013bcab-3895-48ad-8d19-708a3dda166d,3710
1ce0260b-e4ac-4fb1-adcd-3659df5b4748,7905
4c87cc64-7d9f-491a-a9c0-20e5b6ef8986,7991
33b6f354-fef5-429e-9538-f96257f0fbf1,7994
e4a580ae-cb36-4ef8-9ce8-212e375ac48f,5
6dfa5fb3-a613-4230-b515-4ed38ac22c9a,73
3921abdb-075a-47b5-a97e-b11221878d1b,771
270c989e-af87-4322-8649-3d80353617df,787
2e19e288-5a5f-4498-a0ad-c22b07e23a48,90
fa0309d4-cb49-47b2-821f-e620d9cf098b,92
bcc9ff6f-7624-4a41-8378-ac9a5f870725,601
71254931-0a32-49cf-a168-d04d986e8493,603
9eba3c9a-0ffd-4ef6-8a82-009f95998d5b,634
58b0a963-e2dd-47ec-879f-7b85705e5a0d,638
2d5ca2ef-ba16-4f72-b325-6addd0aeda3d,658
9eba3c9a-0ffd-4ef6-8a82-009f95998d5b,665
1a6898d9-f7d1-4f9b-845f-c5d1eb144309,667
dad1e85c-de6c-4eaf-ae4d-c87cb086eed2,732
dad1e85c-de6c-4eaf-ae4d-c87cb086eed2,734
2d5ca2ef-ba16-4f72-b325-6addd0aeda3d,3658
c02f1faf-d017-402a-a604-3d84643c1b7f,7905
c02f1faf-d017-402a-a604-3d84643c1b7f,7991
c02f1faf-d017-402a-a604-3d84643c1b7f,7994
e5bf1cfa-55c3-49bb-8b99-db8eafb2ca25,250
c4606f33-1d37-4245-956a-8d6342bc06ee,348
99b4203b-3d33-4d25-9fda-d8bfb7b7e76a,452
63442f9a-c039-4d1e-af24-bcac2e410d25,520
1ce0260b-e4ac-4fb1-adcd-3659df5b4748,642
81e27c60-de23-4263-ad5b-73045219d73d,650
a23770fa-e507-43aa-a152-f88ce076ac98,662
a23770fa-e507-43aa-a152-f88ce076ac98,3662
ac188863-ef12-43df-8229-459e462b42aa,650
65cd6918-9043-488c-98be-856a157f5bda,250
ec0a6c71-09d6-44f0-84ca-f1aaafb79e59,348
838010ba-1926-4b23-b688-3eb75b59ed7d,452
0e55fa1c-e64b-4529-9c83-283489e9d982,520
9c621682-1e3a-4304-9f80-6113ebad6bda,642
4d037f71-e81c-45fc-ac57-fb4e98f5576c,650
10109156-b1ba-422d-b1b8-8892c2dc4e7b,662
10109156-b1ba-422d-b1b8-8892c2dc4e7b,3662
ac188863-ef12-43df-8229-459e462b42aa,650
22349437-9552-429e-9755-7429594a4843,348
ec0a6c71-09d6-44f0-84ca-f1aaafb79e59,349
22349437-9552-429e-9755-7429594a4843,348
0580eb62-4b61-4801-abbf-082e1fd1e420,348
4aed3848-0062-413a-906a-ccf96293b447,348
4aed3848-0062-413a-906a-ccf96293b447,348
c8681072-fe16-487f-950f-a1948d28572f,200
c8681072-fe16-487f-950f-a1948d28572f,202
5c55797e-a644-43b8-8e49-e079dd905907,522
3a78dc59-0168-4bc5-8c36-20625a205cd7,522
5992969f-7f42-4fcf-8035-24555e709764,200
30316370-5dbd-4222-9d31-04ae4ce590d7,212
ed00a489-f20b-4b11-a34c-07923500c6bf,6
60a6983f-92b7-4329-b883-c85248d00228,18
c01ccefe-23b4-4860-a099-90ad3249f065,28
704befa5-d852-4d1b-b197-7a25ab3273e9,39
c76c51a4-1c32-40aa-814f-bf66b32e1853,69
b0edb68e-59fc-4624-aefc-9c57dec8111c,92
9f7f9e8c-cb2a-4836-b6dd-4760359b5a42,107
9f7f9e8c-cb2a-4836-b6dd-4760359b5a42,112
0a20bb46-a313-4af7-8918-3e40fdcbad27,114
cad31c0c-0f8a-4e49-be58-ee6c52517c4e,116
afed18cb-89c5-410e-8818-a2e1592944d7,118
a6f157d6-32b6-4704-b456-e95b76c01a43,147
7369a3d8-530a-4c6d-9bcd-448b0f52550e,170
33b6f354-fef5-429e-9538-f96257f0fbf1,200
f6e2328a-af8c-4970-bbf6-1bc7071f1075,202
65cd6918-9043-488c-98be-856a157f5bda,250
42fb98f8-6e2f-4fb4-b189-cd747dd87e22,252
fa9e16e3-be9c-496d-858a-99e797347f41,254
2e33469c-860b-4c81-adc9-cba9d53c9d52,302
63442f9a-c039-4d1e-af24-bcac2e410d25,520
c7b2f428-c70a-41e2-b9ee-1d37225b8689,522
927f476c-141e-4957-936c-67348f8252bc,638
57d299d6-9ade-4d42-b8e3-094bdf49c713,658
10109156-b1ba-422d-b1b8-8892c2dc4e7b,662
23ec1134-71df-4066-b2f1-71717c484ec5,664
4c684bdd-22a3-4262-b58b-0fa99c84c4bb,665
73c65e11-6e63-45f7-958d-520485065ed3,667
24801640-8ab3-4c81-93ac-4b8d9adad81a,732
b2f6c1ff-04b3-4a4d-a817-9844f11b1e2f,734
4091cef7-f070-4f96-a5a6-5d9c1b8d0288,991
0df84a6e-3e59-402c-a551-693dd87a3916,1035
e4a580ae-cb36-4ef8-9ce8-212e375ac48f,2025
c3ab4033-75ec-4edf-8d18-611e971d7560,2035
c46bc198-826b-49ca-a5fe-6276e252de19,2036
cad31c0c-0f8a-4e49-be58-ee6c52517c4e,3116
afed18cb-89c5-410e-8818-a2e1592944d7,3118
57d299d6-9ade-4d42-b8e3-094bdf49c713,3658
10109156-b1ba-422d-b1b8-8892c2dc4e7b,3662
23ec1134-71df-4066-b2f1-71717c484ec5,3664
c3ab4033-75ec-4edf-8d18-611e971d7560,7981
81e27c60-de23-4263-ad5b-73045219d73d,7995
dccf81a9-71df-4bc6-9a86-6bc0de1fecd6,92
58b0a963-e2dd-47ec-879f-7b85705e5a0d,638
2d5ca2ef-ba16-4f72-b325-6addd0aeda3d,658
9eba3c9a-0ffd-4ef6-8a82-009f95998d5b,665
d553d3ea-7da1-42d6-95b6-6ad9e0711fac,667
bfef0552-b28b-466b-a977-39ba9e5e2761,732
dad1e85c-de6c-4eaf-ae4d-c87cb086eed2,734
2d5ca2ef-ba16-4f72-b325-6addd0aeda3d,3658
c02f1faf-d017-402a-a604-3d84643c1b7f,7981
c02f1faf-d017-402a-a604-3d84643c1b7f,7995
0cdbebd4-9b95-46ac-8404-2fe89d74ac3b,150
04b7abae-0209-4a40-9ea6-618ddc106e53,152
10065ad3-3715-4366-bb80-ce3d3cc58303,390
a08f4dd7-8384-4a85-b832-691d1b9c8ac5,656
a08f4dd7-8384-4a85-b832-691d1b9c8ac5,3656
773412b7-be92-428e-8114-b85299f0fdd7,390
ee169a4d-e8a5-4d0c-a2bd-77627261bfb9,150
79f78b3b-cc45-4c07-be14-a5a929e21e06,152
5c486663-8087-4a93-98f5-6fecc6ec8610,390
98695bc9-4069-47ae-85a9-237ffaf5efa3,656
98695bc9-4069-47ae-85a9-237ffaf5efa3,3656
773412b7-be92-428e-8114-b85299f0fdd7,390
c8681072-fe16-487f-950f-a1948d28572f,200
bcc9ff6f-7624-4a41-8378-ac9a5f870725,520
5c55797e-a644-43b8-8e49-e079dd905907,522
3a78dc59-0168-4bc5-8c36-20625a205cd7,522
79f78b3b-cc45-4c07-be14-a5a929e21e06,212
6945be70-f9ed-4c50-973f-da2fc2532f86,214
cf131e9d-4f1d-488a-add6-24b2ab158320,17
60a6983f-92b7-4329-b883-c85248d00228,18
bd977dac-a9c3-4b69-8fda-06bdcadd7793,19
c76c51a4-1c32-40aa-814f-bf66b32e1853,74
73c65e11-6e63-45f7-958d-520485065ed3,92
73c65e11-6e63-45f7-958d-520485065ed3,92
cd463ceb-040c-4e0b-adfe-8f84eb8136df,112
cd463ceb-040c-4e0b-adfe-8f84eb8136df,114
0a20bb46-a313-4af7-8918-3e40fdcbad27,116
dc8503d3-4b02-45cc-bfe6-4af7f0749888,118
1924780e-2858-41e7-a43c-c5cf28f8ec9d,147
5b52bde3-2505-4cb8-b10a-f57d450ad9c8,150
7369a3d8-530a-4c6d-9bcd-448b0f52550e,170
827cc20f-d170-435e-8f0a-4e18f05e5aaf,200
da89a765-36b9-4915-a5c2-8e49c7bae51d,250
ec0a6c71-09d6-44f0-84ca-f1aaafb79e59,348
23ec1134-71df-4066-b2f1-71717c484ec5,664
4c684bdd-22a3-4262-b58b-0fa99c84c4bb,665
bf591aeb-2d07-4c04-b711-3d4960ecb0bc,700
24801640-8ab3-4c81-93ac-4b8d9adad81a,732
0df84a6e-3e59-402c-a551-693dd87a3916,1035
08865c82-386e-4a2d-b623-3887290af2b1,2001
f867fe17-de63-4a9f-b82a-afce0c1b9d11,2025
f867fe17-de63-4a9f-b82a-afce0c1b9d11,2036
0a20bb46-a313-4af7-8918-3e40fdcbad27,3116
dc8503d3-4b02-45cc-bfe6-4af7f0749888,3118
23ec1134-71df-4066-b2f1-71717c484ec5,3664
81f6462e-ff6b-4ac9-9a48-68303cfc636d,7904
e32dd3dc-97b5-4b0a-93b8-9515923a41ed,7905
c307bc54-1de8-45f0-acfb-752c5edd3cfe,7999
f8a9a524-ecdb-4cdb-a916-f626665f48dd,92
9eba3c9a-0ffd-4ef6-8a82-009f95998d5b,665
911b1cff-09f8-476d-992a-572e50f748eb,732
c02f1faf-d017-402a-a604-3d84643c1b7f,7904
c02f1faf-d017-402a-a604-3d84643c1b7f,7905
c02f1faf-d017-402a-a604-3d84643c1b7f,7999
838010ba-1926-4b23-b688-3eb75b59ed7d,452
0e55fa1c-e64b-4529-9c83-283489e9d982,520
0e55fa1c-e64b-4529-9c83-283489e9d982,452
63442f9a-c039-4d1e-af24-bcac2e410d25,520
0551adbd-67f2-4dd9-8694-39760ae14657,348
0551adbd-67f2-4dd9-8694-39760ae14657,348
0580eb62-4b61-4801-abbf-082e1fd1e420,348
bcc9ff6f-7624-4a41-8378-ac9a5f870725,520
5c55797e-a644-43b8-8e49-e079dd905907,522
3a78dc59-0168-4bc5-8c36-20625a205cd7,522
24c11f78-a1c2-4705-9725-5a794653eccb,18
9854384c-1eae-46f8-b495-727d3eac3ef7,103
827cc20f-d170-435e-8f0a-4e18f05e5aaf,147
5b52bde3-2505-4cb8-b10a-f57d450ad9c8,150
5bf8c250-1413-4599-84dd-795d08e3ef39,170
33b6f354-fef5-429e-9538-f96257f0fbf1,200
81f6462e-ff6b-4ac9-9a48-68303cfc636d,202
e5bf1cfa-55c3-49bb-8b99-db8eafb2ca25,250
20b7d502-0dd1-452b-b81b-9a10e896c56e,300
838010ba-1926-4b23-b688-3eb75b59ed7d,452
cfaafc63-1b78-4820-adb4-bb4bb5030d43,520
1ce0260b-e4ac-4fb1-adcd-3659df5b4748,658
285ee493-f28e-4d75-86b4-ca7d69e73b0e,732
0df84a6e-3e59-402c-a551-693dd87a3916,1035
89d2d88c-2b3e-400b-b8c9-13b5a987b3e0,2005
55347894-0b55-44e4-9f51-c17f955e978a,2025
55347894-0b55-44e4-9f51-c17f955e978a,2036
1ce0260b-e4ac-4fb1-adcd-3659df5b4748,3658
e32dd3dc-97b5-4b0a-93b8-9515923a41ed,7905
2d5ca2ef-ba16-4f72-b325-6addd0aeda3d,658
911b1cff-09f8-476d-992a-572e50f748eb,732
2d5ca2ef-ba16-4f72-b325-6addd0aeda3d,3658
c02f1faf-d017-402a-a604-3d84643c1b7f,7905
899399f0-d5a8-4462-b736-a8a66d2d4bea,7985
c02f1faf-d017-402a-a604-3d84643c1b7f,7985
89d2d88c-2b3e-400b-b8c9-13b5a987b3e0,7985
c02f1faf-d017-402a-a604-3d84643c1b7f,7985
9eba3c9a-0ffd-4ef6-8a82-009f95998d5b,520
5c55797e-a644-43b8-8e49-e079dd905907,522
3a78dc59-0168-4bc5-8c36-20625a205cd7,522
e65ef93c-9a3d-4ee6-820d-0f3dd186d3df,18
20b7d502-0dd1-452b-b81b-9a10e896c56e,300
838010ba-1926-4b23-b688-3eb75b59ed7d,522
285ee493-f28e-4d75-86b4-ca7d69e73b0e,732
0df84a6e-3e59-402c-a551-693dd87a3916,1035
81e27c60-de23-4263-ad5b-73045219d73d,2036
89ef119b-47e2-4ed1-9379-088bbe92aeb2,7982
911b1cff-09f8-476d-992a-572e50f748eb,732
c02f1faf-d017-402a-a604-3d84643c1b7f,7982
0cdbebd4-9b95-46ac-8404-2fe89d74ac3b,150
ee169a4d-e8a5-4d0c-a2bd-77627261bfb9,150
9eba3c9a-0ffd-4ef6-8a82-009f95998d5b,520
5c55797e-a644-43b8-8e49-e079dd905907,522
3a78dc59-0168-4bc5-8c36-20625a205cd7,522
60a6983f-92b7-4329-b883-c85248d00228,18
6ad10c1d-eccd-4a05-8d0d-72bc17c05dfd,39
499607bb-3a5d-4181-b957-063f5751d93c,101
ff2507b4-b55c-4ede-8dae-25fdbaafd1b5,300
0df84a6e-3e59-402c-a551-693dd87a3916,1035
e32dd3dc-97b5-4b0a-93b8-9515923a41ed,7905
c53deac6-5343-45ac-9bdb-2565421dd38c,7987
c02f1faf-d017-402a-a604-3d84643c1b7f,7905
c02f1faf-d017-402a-a604-3d84643c1b7f,7987
3a78dc59-0168-4bc5-8c36-20625a205cd7,522
704befa5-d852-4d1b-b197-7a25ab3273e9,39
0df84a6e-3e59-402c-a551-693dd87a3916,1035
89ef119b-47e2-4ed1-9379-088bbe92aeb2,7989
c02f1faf-d017-402a-a604-3d84643c1b7f,7989
704befa5-d852-4d1b-b197-7a25ab3273e9,39
e4a580ae-cb36-4ef8-9ce8-212e375ac48f,7986
2d72ba7a-21e2-46c5-b28d-68818ed59f7a,348
c02f1faf-d017-402a-a604-3d84643c1b7f,7986
e65ef93c-9a3d-4ee6-820d-0f3dd186d3df,9000
3a78dc59-0168-4bc5-8c36-20625a205cd7,522
2c639812-b53f-45ab-99b5-1deedce10a0b,101
0df84a6e-3e59-402c-a551-693dd87a3916,1035
e4a580ae-cb36-4ef8-9ce8-212e375ac48f,7988
c0402037-9f54-48e9-9cfa-0938fecff273,74
c02f1faf-d017-402a-a604-3d84643c1b7f,7988
e65ef93c-9a3d-4ee6-820d-0f3dd186d3df,9000
3a78dc59-0168-4bc5-8c36-20625a205cd7,522
0df84a6e-3e59-402c-a551-693dd87a3916,1035
c0402037-9f54-48e9-9cfa-0938fecff273,74
c746d7d2-6fe0-416e-91e9-df6d6d51e249,9000
6ad10c1d-eccd-4a05-8d0d-72bc17c05dfd,101
83c07d09-2030-4bc4-be54-123a8a3915cc,147
827cc20f-d170-435e-8f0a-4e18f05e5aaf,150
0df84a6e-3e59-402c-a551-693dd87a3916,1035
c0402037-9f54-48e9-9cfa-0938fecff273,74
599f965f-4ad1-4809-bb0e-db86e346fd69,9000
