UserId,Credits
fc9ee29e-77b7-47c1-aeff-76646632b4a5,6
2050a4cf-84ca-437a-9189-a8ddc5126ba4,1
ea38fe88-bb5d-44ff-9e0e-78362c4506e3,4
811a73f5-6825-4748-9876-aa861177608c,4
8f422a8c-8546-473c-881e-d49285eef140,8
ff98081d-f8c8-49d9-be81-f0f1dc0f2866,10
5c4aa555-29a7-4efb-97ac-4edc07d26847,4
ab68eb93-d669-4d80-bdcf-2cc0e8cb325d,6
b6ec76bc-5eea-497b-b89d-038bfffc5499,3
531de532-fe33-4946-b143-35bfc210acff,5
9fa6276a-d843-4e4f-b947-6343207473a4,8
492aa83f-d6b7-4585-99bf-04ad6cd81fac,7
07ad3c50-29af-44f2-bf65-99b89b0ea6e1,9
cd6ffa74-3ab3-431e-928a-2a2e9da8148a,9
49ce1e1e-f97e-461b-9ed5-86177905dc73,2
61d12a38-2a04-4ee3-8c7f-e199c34466ae,7
fce40e8f-22e8-42f2-906e-460f168869c6,8
54dea2c2-35d8-48b2-ad5a-57e2022f760f,8
d8cdcc99-b987-4769-a3db-f09a31635912,9
d169a89b-3120-4268-b9d0-518433c4e7cf,2
7e4bc24f-cc6c-4734-bc4e-0761960731e4,6
e918110d-1451-4a86-adb5-3230179e4fbc,10
9c505ef3-a176-4d80-a6a0-faaea7455aa1,9
498e952c-73cc-4522-82bc-c2858a3ee3c7,10
72f8eba1-dfd0-4398-a46e-439a3df802a8,5
9ba34949-94ed-4ee2-8b48-0affbb6ba08a,4
6c3175c9-a265-4848-abca-43ac7cc4781b,1
e415c93c-b1fd-4d5f-b6c4-90ddb79e5380,4
4cbe97a6-da02-486e-b9e9-e4b6779ab9ef,6
71e3601d-5853-4a1c-8a06-9f5575caac88,1
9ee8c81c-051f-497e-808a-cf4868f05253,3
42e72c22-f468-498a-aebc-38aebe8bf8b1,4
b30d646d-8c48-47c5-801e-64d32600d40a,9
d3c1adfc-040f-413d-a3be-1d472f51760d,2
18e94711-c493-48d4-b085-227dd59ab95a,4
b94788b0-5122-4c3f-8f56-e84832b917fb,4
aea2763c-ce2f-4358-9e5b-c026c671d8fb,4
857c2b61-6565-466f-9a00-f3ef7fcfe688,8
9c55ab3a-3ce8-470e-8c51-979df2f951ff,1
98992b8c-14b6-44ce-aee4-3e6bb6b35ecf,2
c27746fa-7b53-4218-85f4-cabd211b84a2,10
e8d08095-a549-4291-8d80-26b2fc3f8126,10
d6b5deb1-ee4a-4e6d-9214-66609415d2ab,1
37374247-b612-4bc9-8f15-34553d98bb33,5
76d985e6-4169-4c40-ba5e-8963a8aa22f2,8
88c9678b-db80-411c-95ce-e7913d0d1244,4
cf18aea4-ad0e-4422-b8fb-c1dab9a32d55,3
f2a3dab3-eb42-4ce8-8a8b-a0d67248bb8c,8
11e943d0-be81-436b-9e21-d264e7e20d24,3
9c7af2c3-fee0-47c1-a070-0817d13a53c6,1
5dbb0356-b7c6-4ba2-9818-307aee1d1e80,1
f787e27d-874e-46a8-9d6b-854875a660d7,5
fce40e8f-22e8-42f2-906e-460f168869c6,6
69b4dc1b-2ce4-469f-9c31-e1bc1e54e2b6,6
57031a66-ecac-4b77-84e3-e4ff7f9fae9f,7
b1ef5975-6d17-4a89-8d0b-018aa5fa1549,9
aae97798-9a8c-4943-91d2-9a3e1e3413cb,5
185fca21-235f-4a1c-8c2d-161078342f89,2
80beab63-26e9-421e-90ef-2b4080a4b544,5
a537a775-1941-409f-8588-cc77862ad472,10
b56f9227-1b4e-4ed1-9560-4bcb245f5d32,9
29e2892a-b455-4ad8-bb56-469e339ec278,2
a8bdd5c7-2f0c-4333-980e-d580f8372aa7,2
38db3d73-5a7f-4e94-9ed7-71336010c00d,8
8da7ae7c-0ef4-4f5d-a252-e0f04528d3a7,10
c16ee15e-9766-4c89-860d-2c52143dc59a,10
38b377e6-c1b2-482e-8b96-70f89025e5a8,4
3090d454-e3c3-4197-8d87-9b4a96c79c1d,7
c3910c2f-b97c-400a-b336-ca7d65fe22fa,8
994e3a0b-7d69-41c4-87ae-bbd0b819a89d,3
994a0038-49c5-43f6-8719-7be5205e9fd5,1
d0f0ceaa-fec6-4cb3-86d2-30ac386d96d2,4
144835e5-04f2-4e80-99e7-d05e877079ed,6
6e714b84-4d82-4010-8e4e-d3d23958e42a,10
bd812204-ff38-4f9a-b766-481df85085c6,5
2c1236bb-5f58-47e6-8a4c-c5af2ee3a632,5
f042ede1-ff1e-4583-a1c4-af8170122771,7
5283ca70-9d17-40a8-8c52-fe59a6a82f90,5
a55e5cad-bcff-4d19-bf25-27368b880323,5
08a48a3c-4b77-4f63-8dff-f6bb1daf47cb,4
c3eaf78e-15b1-4ba4-a0db-2d4580b27bd5,5
68c8955c-b531-4ad1-b8eb-ca78ea63ad3c,5
f73527d8-3c7f-4d5a-ade7-fbdca634b0e8,9
b142fbe2-e0f6-4058-b0ca-fa847c3f9ff4,5
614620b7-b3d6-4158-9445-2fd6446e98be,4
e6d879bc-47b8-4485-880c-b234eb27af0d,8
52b322ba-9bb5-4d92-a81a-a73c4cf58dd3,6
704fcd89-ce49-4be9-a0cb-de6431898b73,6
c2d03174-f47a-4bd2-9eba-668f8a15ece5,1
d08c18a5-b11a-4041-89da-486802b9e242,2
2670aaea-bed6-485e-abc8-be7c92400d99,6
7c2a0ff4-a201-49b5-80ae-6800a68ca035,10
d430bee1-e252-47e3-97a9-3c77124e0dff,4
dbe0d3d4-ed7a-4492-b8a2-b253775254be,1
0704b0b3-bdec-4a2b-8ebb-7bc3f21f100b,6
dfe8fad9-b5ea-485e-87e8-eaea33f2dba0,1
02c6086f-81f5-4b39-b240-d66f62535479,2
3d702fda-30a4-4e8b-acff-c83a2e37df51,3
145756dc-2171-429b-a6b1-cb754f13f52e,5
ccdcd256-9f2e-4c7f-b97a-83ec6d090880,3
11073c27-6e39-4f83-984d-b246c771d66f,1
94f2777a-2525-48b0-a63b-a0de3b7a225c,4
d384e5e2-ac9a-4ff5-ab86-47c48bc58310,3
a70ec9dd-1682-4b0e-8883-8783f5d834a4,1
d384e5e2-ac9a-4ff5-ab86-47c48bc58310,8
e3ccacc5-5ada-479c-8e9b-b8e907f9b274,6
9f0cccd1-7871-4208-83de-3cf2bcaeecef,10
bd476270-eb9d-4e9f-9411-8f8c578facf1,1
d21b1d26-abe4-4aaf-997f-63e7d85e60cf,3
500486e8-c486-4037-9bb9-cd8789a65f88,8
18c1e820-119f-44ec-b369-115c56ee90b7,3
e1e3a64d-a9b4-4772-975f-ff322dd166c2,10
da79c556-24f0-4a45-be97-b594a525a747,3
411a0c69-f8a7-4fdc-9549-81f50e0132ca,4
00fb2479-04cb-4c73-83ad-6bd4042f78e0,4
80a8ca90-3082-4064-ae02-37001cfb602c,3
0eda49a1-c360-4a68-8cbb-62f0547637b0,4
efb3a957-912f-498a-a7c9-4d0fe649d235,5
8afc4618-6388-4f73-ab44-465e72a4d583,2
28d379c5-6cd2-42e3-b2ba-a2ef67d86f2f,3
1238e9bf-a61d-4e88-b586-1158292fcdba,10
28c5d592-5f1a-49d7-8a2e-a442cd111745,2
3ca2effb-930f-4279-a9c4-82d0ff37a7a5,5
94b2cfff-26c0-49ce-bbb0-ce76e2d419a0,7
5aff3b27-8994-4758-80b6-c3fdb6de8911,9
5aff3b27-8994-4758-80b6-c3fdb6de8911,3
68742d36-bc2d-4875-914b-07c01f5721e8,4
98f1107c-a613-49be-b5ee-7263d6b68e48,1
98688b5f-89b8-46f2-b867-4cf5d60e5542,1
62915e7c-efe5-4b83-894f-a3b48ce991af,7
25692082-6f63-4b65-b48b-1a5f21abef3a,1
cf686f07-eac5-422a-ad3f-bd96d842b270,7
c2627aae-af07-480f-80d7-a7ca313a6732,4
6e4e933f-d3ca-4cca-aa75-52c03627754d,4
c2627aae-af07-480f-80d7-a7ca313a6732,9
59b1934c-2438-46c1-9296-806241ea9384,9
7353bada-4a13-476f-8763-569a51dee3b9,9
7353bada-4a13-476f-8763-569a51dee3b9,3
90fe699e-dd56-443e-989a-888ad34c4c75,4
c8c647f7-cc34-4032-833e-81f883e9902f,3
0b5538e4-4678-42ca-b2bf-1a7321928a71,1
58921d55-5118-4d2a-a2f6-dd6c6b0f9c51,9
734fe52d-86ed-496f-a3e6-aba40d8ef05c,9
c560b28e-6c80-4a9d-980c-d61a31fba1d5,4
e4655573-fb91-4f74-aa6b-fc6938fe2a50,9
0266d832-5337-4f25-946e-8aa862eaf519,3
8149b46a-e5e3-4272-b645-244d4f029b3d,9
9e713198-3275-440c-b36e-ec8fd85eafae,5
9de8d9ac-bf18-4a1f-ad84-d4be9c285eb2,4
1a9aab84-60e3-40af-8b78-f326c1c94c12,1
c53d26b4-eea9-4d4b-812e-210acca5e5c1,5
6a584759-3f97-468a-a8cd-46cc53dec9dc,4
9f489082-e56d-4df4-b382-484569e1b663,7
d522927c-5ddf-4ca4-a817-92a48e381d1b,10
b142b9fb-783e-48e7-bacc-35bf1aa82e04,9
9f489082-e56d-4df4-b382-484569e1b663,1
0a7d7bfe-d03c-4cb4-aa99-9ae1493ce80b,9
ece2f363-a919-4be3-ad3e-2a276a67ec36,6
f4076c19-34d2-4608-8b4e-84a1b6c119a4,10
d5852029-aec6-4ad7-ac05-0d46eb362862,1
63222e22-be25-4e1c-bcb7-a7e5b5093aa9,10
e94cf7f7-c884-47ee-81cd-c850049b6d70,7
e94cf7f7-c884-47ee-81cd-c850049b6d70,6
e94cf7f7-c884-47ee-81cd-c850049b6d70,4
dc2fbf41-a4ae-494f-9b22-4528e4c6756c,2
e94cf7f7-c884-47ee-81cd-c850049b6d70,9
d7b4c8dd-6f33-4d78-99a1-07781f529708,1
8b3f07dd-60f4-42b4-a652-128337cb4dd2,5
6c1e1b5d-03ca-474a-8c91-8f558ff69993,10
6c1e1b5d-03ca-474a-8c91-8f558ff69993,7
cc24a940-a43c-442e-9b1f-cdce742627cf,6
d2d42a78-2163-4be3-9cb1-147d210e7c51,8
86ae5557-174f-43ef-b2ce-75f548329e61,9
0b4da7f3-6fe7-49cd-98c6-f4a541a9d0fa,9
784bfa8e-53a1-4dee-ab6f-8bb8fcce6ef0,10
3e968ca1-cf7d-4fcd-a203-693d8dbfbfac,3
3c1c0f4e-45e4-441d-8496-b6ef6277a44e,9
3e968ca1-cf7d-4fcd-a203-693d8dbfbfac,7
de67f903-8530-4c10-af51-cafd5676f534,7
4148c10c-36af-4106-88f7-c62c95941dd1,10
e21e28c3-3d28-4a78-9d21-f4b17a75324d,2
ddb2359d-2c94-4651-b3a8-952f56ec2e2a,7
ca038256-5d63-4442-aa24-2b8f05960197,9
bd3540e9-622b-4763-9cc4-755b4e05567d,9
a82ca55d-b0f3-4c46-9e53-5dd89bcd21b1,4
c1bfb8ca-dc55-46b6-a737-811190ef380c,3
129f688a-a1d0-499f-8b7d-16e11772ef8c,4
06c714c0-d391-4ca9-a8e2-e3a613680b36,7
96603782-07f5-45ed-9788-d4c05a9ecffc,4
ee24ca2c-4cc2-43f5-98b1-6d22105d681a,7
182d9205-6c9f-498d-bead-0f67b2d49ce4,6
092f5110-64f0-4372-a143-df449b238940,8
435ec535-1b41-4537-ab8a-d5b793789099,1
e3d4418f-6da9-49d3-b0f5-3ae7c8acd659,9
247c6e87-48cb-41a1-b8a2-2257db541cca,5
979f980f-596b-43fe-ad3e-6641c740ee84,7
e7ae85b3-8557-4e15-b06d-f1d212edb383,6
66fd5a87-d8d4-43c6-a894-f24c6e71a9ef,9
f6d38d3b-7998-47f7-b8d3-d6f0655b9e79,3
f6d38d3b-7998-47f7-b8d3-d6f0655b9e79,4
9c453ccb-75d3-404a-be2f-25f4ba1dfe85,10
d98baf47-75c1-4fe1-9975-9019167805d8,8
33955eac-daf3-41f5-a4ae-7938d6a2bae7,6
d5e26499-5882-46a2-ba9c-9fa13dcc23ff,4
df2be9c7-de7b-42f7-b250-4bb850dea1e8,5
f36c8a34-fb4b-49e7-b9cb-3c2bd7b39cbe,6
2f3055c0-1164-4e11-8f6e-e6ee3158e358,4
911b1cff-09f8-476d-992a-572e50f748eb,4
0736f0dc-5bcc-4f74-a916-0e1936140f49,8
30d78518-e19d-4c44-94e5-5519ed5d926a,10
344700b0-936e-4eaf-9542-4c2f5abb6dca,10
bf982add-dfe7-4591-9b70-ca4ca0f4d5b8,10
4ab7009f-ebf5-42d7-bd2e-d4aaed1c89e3,8
089ae0cc-a747-409b-bdbb-b5e5b40d35cb,4
ec4ba429-3a36-425b-86c6-1217406b59dc,3
2eff6c13-f439-4e78-bfa3-30b8f8218b9d,4
18468777-77f0-41c7-ba6a-5b3300d57c83,10
0c24851e-7172-4aaa-ab7a-1854f97f4dda,8
667af602-2479-41c6-99c1-f59dc610f467,8
5cf009bd-4915-408b-9c90-0fbd040b2b44,6
86af8fd4-f414-44f1-b910-be3b5690a78d,2
eb8cb868-00ed-4e0a-b851-5ed56fbd7878,3
46fe4c34-3062-44ad-a824-80a4dbe65f61,3
2f20c38c-1b01-4768-b8ee-4724c6b1360f,9
e2b75202-04ee-4950-9cd6-7665abca9782,2
cf2170ac-f222-41e9-8d8d-2bf6b5f5409a,6
cb0b8a68-777d-4502-a8de-5ad59afb33d9,9
d7d9f01e-4199-4ea3-91ef-63d74d8062dc,5
688fd9ee-b398-4bc1-a6f5-4662e249000b,1
50e302ac-b8ed-4e4a-a5a2-f814c3d8a87a,3
de36d588-7e5a-4803-bd1d-cd6ebd480ca6,6
6407294f-fcf6-4e90-a384-e49ee3020402,6
7722e9c9-7f85-4797-a7cf-8c0102714952,1
f14bd788-bdc6-4f8a-94df-04954bee1dfa,9
b65619f7-b6ba-49e6-8b5e-25770854a557,2
edbf2168-37ca-4db6-9ef2-ac4db456a502,2
3848db43-b3fa-48f7-b96e-d2d6c2287627,1
e3cf5dd1-1f7c-422d-a5c5-9455379c336b,4
915fa243-bf0f-4f9e-b867-0eeef75b34ab,9
a48cbb4f-8f58-472e-a7f2-8aa4824ddd81,9
3f51f46d-4dd5-4bc1-b9c3-ef0e4b1f8f3c,5
14240fd2-6862-4cae-a40a-5f93500aa1c0,5
e370e62b-de69-4d3a-a867-9ee817b9800b,1
62391350-9d00-4d93-93bb-8781b83c65f9,10
65323220-deb6-4686-93ff-e76739e3d2b9,4
a263a882-77a0-4bc0-9290-1c28919170d5,8
0cfa755d-8181-4f76-bf70-5c03f75fae62,4
effc735f-44ea-4faa-8ef2-a3bbff3a929a,3
1b099fd6-af67-4d8e-bc39-d0216a8cbbb5,2
3c821735-3395-420e-9325-19fc65b3de8b,2
db0fc55f-7be2-48d8-b6a6-d1ee9a5d2442,3
914b542e-60fe-4aef-b10e-b1054e5714f4,2
f746bc58-d37c-4d26-a0d0-41797ab1608e,5
307842b4-8727-42fe-94a6-6fbb4a4ecd1f,3
b30b309f-7d34-489d-84a7-e46ef30291c5,6
ac83da30-18b9-4556-824e-1894f0bcdd11,6
574b1f53-69fd-4634-8604-f9ec24563486,6
f4d3e500-9f55-43c6-bcbe-02439730ae69,3
4b6aaff4-5b76-4192-8010-2b0ced086b08,6
78da5856-9839-44e2-a695-516e88b0458a,8
de043abb-41a8-4287-9060-452dad207f76,8
36ad3af2-4869-4953-8b9f-ef16f1351ea2,7
15dd1721-5839-47f6-8070-bc7fc379287b,2
be0c2e42-594a-48ac-ab6e-27001162375d,7
d171d77c-5e94-4946-8e00-4e5523f5d9c9,8
f06d3b61-d70c-4586-b739-01f76cdce6ee,3
d0ec4e55-7ce0-46aa-8ab1-d593c455fc42,4
7e37cc6c-03d8-4927-a9c0-dc1333a28741,2
4de4a005-45ec-4435-bc71-e32a74770e96,10
cf5e1857-085e-4879-b96a-a19a9b339c98,6
c4645b0e-10c0-44e1-a9b7-996674cb1c9a,10
adb5dfae-6095-4fbd-890c-fe5b60e199b3,10
f2349be2-4f0a-4a03-bcd1-c33c2d78eae7,3
bb048cb8-55d4-41ad-a33d-e02cd9dc782d,1
01533751-f943-4787-9565-183f45799ae7,10
9687c289-e249-467c-95c9-bc06bd07bd52,2
3161d5ba-45b2-401b-a4c6-0e1fcfebf097,10
80992075-8fae-4575-acfe-fe64a78c14e9,1
dc2d369d-0b5d-4107-a97c-01e010e41093,7
9774ae79-3934-401e-b327-575380bfdc59,1
77a838ff-3572-47f9-b78d-28d2df59df17,5
5eb17174-9fa0-4e43-8d52-29801a98b7b2,9
50311fbf-5949-4d72-b8d6-f3c756db23be,5
0b5f8a4c-9782-4a3f-9382-f943e3b6242a,4
53f57e9c-a981-42a1-9719-826d53653e6d,4
0198e818-beb2-416b-84b3-52bc301a3c92,9
fe4d0e26-fbe8-4b2c-93de-bb8cae4be76e,9
8a31b0a9-544d-41d2-a13b-98d3748527f2,8
7fb60e35-4751-4b4a-8aac-0a7149cd0d4e,1
e577f66a-765e-4d1f-ac57-ee6f0f8e40b6,4
15a5f437-da62-496b-a9af-a38f38b4d64d,9
152d9342-ca94-4e87-96df-b48f2be200bc,8
c8c647f7-cc34-4032-833e-81f883e9902f,8
e3b0a584-4281-48b5-ba52-16aa0b2f549b,2
bd7c103f-5d45-4b3c-83e0-89334b8f9b6b,9
1f7dd132-6669-4fbc-af92-a9c3bf3db674,5
c1239dec-0a65-4ab2-b566-6fe775747cc6,8
68e07677-a9db-47b1-8ebc-db8d726828e1,1
416f2228-ac97-4026-ad03-465e0c5b044f,5
4b6f54a9-5797-4b07-8b4a-7913c961c08e,10
c432dc60-3dd6-4c79-83cd-5ae1f05d0648,1
7c2b96f6-6907-4812-8be7-90c0c3061e8a,7
8974a0b2-e442-4963-a493-63e6ecdbb345,5
13f4fd9c-acd2-4d46-9ed8-479005d0ce70,3
49c26dea-34e7-4e30-85a2-dd44c1f199c0,5
b3a54dcd-05d1-437e-9a77-275de4807231,7
4f3711d0-0a67-4ee5-9611-58fb4b6e49b3,4
76a67962-e368-4fa6-9ad8-d4b0e076fe6e,4
a2cf53e7-8fe5-46ea-b081-7b381174bd9c,8
52aebcbb-3323-4d7a-8138-50799a2b5817,9
0b5538e4-4678-42ca-b2bf-1a7321928a71,6
20432ae6-3a7d-4a35-b287-e5c6f4356e2a,1
e80eb8d2-3d52-4881-b6cc-559770e0e967,9
601531ce-0ee1-4859-8d8a-788ee21953e7,6
dad1e85c-de6c-4eaf-ae4d-c87cb086eed2,5
f4481462-9415-4d2b-b1e9-7a4a8330560c,6
de96e695-1c67-42cc-a19c-9b93afa26fc1,1
5021fb56-ddfb-4fcd-8f63-49ac267a8fbe,4
bd6e51d5-121c-47c5-abf0-a6ad5e5697b4,4
ba00cbfb-e11b-44b8-be37-59f6348a9779,8
e0c87f9b-fad8-40df-98f4-a50cc3da016a,10
e4480b99-1635-4e24-a72a-17df2d4391f8,4
15fe84d6-6116-4b55-9a7f-23af5c302f68,6
b47a1647-e4ff-4eac-8827-13eb7a1904a6,3
f0f538f8-c7e0-4be4-90b1-fddc20ca414e,5
b5fb83cc-f201-4748-8ce0-5f4ff5ccb9aa,8
edbe174c-dcca-45bb-9b11-550466ea123d,7
5a995c5c-1fcc-4e0f-add7-1b1f224f4416,9
a087fb6d-2a23-4201-a9d1-5e4810e68986,9
6f0b3255-5302-4f20-8012-5219c665c13d,2
11e5cb3e-ada3-46e7-8b5d-88c9a11b467c,7
11a42668-9ab4-45ea-83b9-0957464def8f,8
9cb3f78e-a4ba-4441-aad6-d1850e453367,8
73e71932-7083-49af-b31e-74403be6bef9,9
1deb73b2-4942-4573-81e0-d5f23c10d8dc,2
8f398848-3b0e-4c34-91e5-556a7557db06,6
1d3e6f86-678f-4d78-a8a2-fa0bfade927a,10
01bdfc50-2f36-4c69-8872-001b0ab384b6,9
76a67962-e368-4fa6-9ad8-d4b0e076fe6e,10
32014570-1a97-4ab1-becc-d8ada7c20ae6,5
65dd5272-94c7-4644-81bb-5d8c1f766bc7,4
86a18eed-3764-4211-882b-a62e88789c35,1
a7dc0c9d-d234-4d47-90ed-315299b5598d,4
fc3b5d0a-df2b-4e78-8945-6fa54f8a0a04,6
8af02c46-faa0-46cd-af2e-300c1b053c21,1
dd8f8e1c-9c86-4ad2-97cd-be50f04785b8,3
9d6f4302-a3e4-417e-b67a-2280ad11e85b,4
29782741-3676-46c1-84a8-5f3c883d5d14,9
23df457c-840d-4567-83e0-e2e3c549d3df,2
51027886-7555-46a2-abf3-d286ed9deaa8,4
e8fb1b19-bde1-4e43-9081-8b864e63d528,4
568659ab-6250-4b52-9d0e-1ca419928ba4,4
51ec7258-0c23-45c5-b3ca-7fa8495fbfab,8
7afada24-0ab5-4421-adfe-3a9f6f6658c6,1
89528fde-a72c-461e-9fa5-d84ecb626dd6,2
d6a45ceb-02b4-403f-90d4-fe0af62d2dbf,10
471cea72-7156-4c8b-acb5-27685ea8aa2c,10
21b288be-8598-42b2-b4cb-9d3f5c97d0b3,1
b7b3caab-d97d-4bb3-9db9-13cfd508c98e,5
e17c43f5-8f7f-4ffe-849b-272c219ef9a7,8
bfe7af41-1831-4808-8533-db9cec453a4b,4
7b5e3073-5e4a-4c61-8eb5-fc41f256e85a,3
8be6dfd6-c7f6-432d-8192-ef3d4f1fcd19,8
2609ef42-d701-40ed-af20-6e5353e24d1f,3
8ec47c73-c24b-4523-a496-efa960a37999,1
76a67962-e368-4fa6-9ad8-d4b0e076fe6e,1
ca38a7bb-d462-450c-abe0-9cedc02c39fd,5
67f07a8e-e3df-40d5-b428-0d1f177523a7,6
eddb0922-0d67-4d2f-a8bc-be9f19bdfab2,6
db4f477c-b66e-427f-b3b2-07129c5f1f83,7
e4732798-73c8-4429-8506-216ee9faa6cf,9
825fde60-f519-4873-abf1-2ae5ef804271,5
f31914c2-a83d-4d05-a6e6-2c02b8455ad0,2
3f4a4e64-64ab-4edf-aaac-7a1d79704508,5
f2c73288-9935-4878-a5f1-18e430498cb2,10
cad92439-464b-441a-95f7-d06035361282,9
8f416a55-d2c9-43b0-9bfb-e4936e741bd4,2
7bbc06b7-6ea7-4a48-af8f-fd3fecd5fcb9,2
96a87ec0-36e2-4dc5-a405-312f6f50680f,8
432c98c7-9d5b-4dce-bebc-0b50a6961733,10
ba5453a2-bfd3-4b18-a6b9-66f3d90aeba4,10
16f42d21-d48d-4f31-8604-5903f31e109b,4
7af60fb3-eddd-4bd6-b231-023dca03f56f,7
fb1516ee-1e72-4de8-a495-48875348ab04,8
7353bada-4a13-476f-8763-569a51dee3b9,3
cf686f07-eac5-422a-ad3f-bd96d842b270,1
59b1934c-2438-46c1-9296-806241ea9384,4
c2627aae-af07-480f-80d7-a7ca313a6732,6
69c63682-d570-462d-8b1b-aa0bc0bce7bf,10
69c63682-d570-462d-8b1b-aa0bc0bce7bf,5
824f07d5-86fb-41ba-8244-329169755be5,5
2dce2020-a671-4e4e-afc9-6d90fe933e1b,7
1edc9e28-b391-4a5c-9ed5-2545dea32384,5
8f90ea9a-276a-4e0c-8922-8b8cae0656a8,5
64bde79f-75a1-46df-8832-3a9c21fedd07,4
13d1aa1a-94c2-4aff-be87-fba2279e419d,5
13d1aa1a-94c2-4aff-be87-fba2279e419d,5
116617af-fd73-469c-9f0f-6f9f186d3b85,9
b812e1b8-f791-4680-876c-118f3779278d,5
4d621e23-67a1-4bc7-a68b-c3f9ce715fff,4
baa8960f-ef20-4ed1-b363-fcdc85ab1858,8
f3b811e0-4c47-4c6d-ae80-1b093f45e2c5,6
02040d1a-e55c-488d-a11e-9531a574e7e5,6
099b60b0-a8b7-4d5e-8432-051d8d17dd1d,1
dad1e85c-de6c-4eaf-ae4d-c87cb086eed2,2
2f70e53e-e0cc-49fd-b9ae-064334b148aa,6
9008666b-6523-4259-a00f-4b37760fa9d0,10
48688f2d-a20a-43fa-bcc4-b6ccddfd85c6,4
e930ab47-e1a0-4133-b4dd-f9879e6c50dd,1
10175def-5eb5-433b-a98d-a7d146c905fc,6
6d96ed77-13bb-4ecf-816a-cd4df0cf79a5,1
7ac65265-b194-4b18-94c7-22944998d251,2
5817eefb-609f-449f-bfb7-772efc6637aa,3
908ec94f-647c-4e30-8b3c-f7830ad440ac,5
a8a9b06e-d69e-4409-b171-da21919c6353,3
93758860-d090-4edd-9b6f-babe821405a5,1
d61c66de-a721-4577-8960-1aac145cb395,4
fb485860-abf7-4f86-9442-e8994aa0ff5d,3
a345d5ff-6a95-4454-883e-83248abfafe8,1
4e10bc89-c9ec-4217-a867-f2b8bf8412e4,8
688fd9ee-b398-4bc1-a6f5-4662e249000b,6
f4f8cfe4-c621-4bd0-88d5-5dad45e31f40,10
3b4ebc2c-aacf-41fc-85cf-22310fdd15fa,1
139b3730-ff34-481f-ba69-f9a6dc2d51b2,3
de12c540-3c43-4c6f-acb1-602712a8c376,8
26fd8526-c423-49a4-b41a-98b52ac00c55,3
7d70d26f-5189-4110-9bcc-571ff75ad8b7,10
c1f3d336-1406-4f16-832e-51bc77ec3e65,3
63087b9f-3770-4d08-87e8-14e1d144b730,4
39424971-0277-4347-aa7b-6151fb35f0cd,4
0777cd56-e22c-4f04-ac6d-80c5bd93242a,3
27cb665d-782a-42d6-9318-814e4401f22b,4
6d5b5213-0f32-40a4-8712-1551f0a37324,5
ac105249-2c18-4dea-9a71-cdcdaf57745e,2
16681603-be2b-4cd2-aca1-1e7c93a0dc48,3
12afc292-3968-443f-a913-0c84881728a0,10
9ffdabb0-d028-41f7-8d3c-e2f54f6eab59,2
1c70f86c-1974-4787-bd58-b59453d694f9,5
0dcda99a-4304-4610-a797-83b98d82f8ed,7
03e2a9dd-3935-430b-bc64-db1fa4cf0544,9
ace95425-a199-4c5e-b3ef-2a5cc2f9b134,3
acaf6608-e0f4-448c-b73f-5a0f3d284b1e,4
944d4b4f-18b7-4bdb-9b78-b1363d15fd3a,1
a83ea11f-cd61-48f6-8c3a-9015595b8049,1
43d83e56-3dc9-41fc-ad5b-24cd62322c14,7
5c528b61-298e-446d-8c5f-0f58c47cb901,1
6c8aa3cc-88d8-4d90-8c1f-22381bd053be,7
2d40efcc-3174-406f-ab2b-aaf98af3c37a,4
bd50e37e-67df-4803-a803-e672c5ba3046,4
d4a33b1e-b470-43cc-ac57-e72c9de56de3,9
1f5a417c-a3d6-433b-9ffe-2e57b729ea96,9
2d5ca2ef-ba16-4f72-b325-6addd0aeda3d,9
388c50db-57c7-4540-8c2d-cfcef050c26a,3
58921d55-5118-4d2a-a2f6-dd6c6b0f9c51,4
65032590-fc0d-4ed7-83ba-b0314c9e3859,3
bcd017e8-524b-43fa-a76f-46a94facc24c,1
f060c9d6-44f3-4f6c-95e1-cf972bef5067,9
01ff44e3-3bde-4458-a9ce-fecfc930b997,9
911b1cff-09f8-476d-992a-572e50f748eb,4
af892154-e309-4db5-9531-50d1898f4189,9
4083dc5d-2b91-4bc8-80bb-b103e533a94c,3
b8c498f4-01fb-4087-8229-a526526fd99d,9
07c1f5f2-76f1-410c-a2a3-f09ce205c3c7,5
a75d96d1-166c-4c34-b7b2-f90ec1c05641,4
5f9ff031-5c3d-4cfc-b860-cf0bc1a7f761,1
be048017-ec85-42d7-8040-cfa054361f1a,5
2f90a591-cf14-4a7b-913c-2aa7623db4f3,4
734fe52d-86ed-496f-a3e6-aba40d8ef05c,7
e7e0bc28-aed1-4e37-b894-c3380441db9d,10
8620b8c6-43d7-45e2-93ec-70251ed31106,9
1e913953-65f0-48ea-b39b-94c0c34cfd89,1
c80ec5b9-4671-4a42-9f40-72c06398bb88,9
542aa5d7-24e4-44e0-aa74-2c3271284fb5,6
d069ae5b-02df-41f3-9149-0af31dccd4da,10
736daf52-3397-4c63-862d-761a7bd22699,1
799389a6-dc90-4afc-a856-8d0f69d7b514,10
3b66d3a9-c0a5-49fd-a184-9fc4d03ad951,7
daa4a1b5-d522-4106-81c0-260cdbe95a5e,6
d6ba0459-554c-46cf-9637-b39bebb4cdd7,4
196cb3d3-ba6e-4ea4-a30d-bd6a92b9a94d,2
7d50bcde-a343-4f90-bf42-745570df34b1,9
d117cc36-d775-4af7-a3f4-93a8088f8c51,1
94aba048-8dbd-49e7-92df-9680b2b63543,5
faded723-1e36-432d-8b49-f8fc27742f1f,10
0233a3db-001e-4eaf-93b4-2b4594d46b00,7
49925f7d-5e7d-4b8f-90fa-efd6b566f78b,6
55c2f421-1687-45b3-a89e-6dd7e4580e6f,8
56c5263b-f3b0-46c7-a134-923324fb5a18,9
5842a94d-a6d6-4394-8808-7e5034eb5b78,9
4d13a954-cc66-4c4b-b75d-8ef427edd05c,10
83e5782b-ac9b-478f-aa15-2e2da93606ad,3
f1e3d0bf-5301-48a4-ac4e-54e1c8c101c7,9
f93b1cd3-5bda-4160-86fd-dfbfe039c40b,7
a8480a13-3350-4b0d-be65-1ad5e7c3f5cb,7
53c183a4-f70c-404a-8052-fdc80f7ac0d3,10
92862b64-533f-4d64-8fe9-c2e643bf9ad3,2
4ad2b617-dd58-4fec-8d87-706d65701011,7
daba3292-7371-40a2-9d0a-0108cbb1654e,9
7a378b4f-5be3-47ba-a5c8-ef2365c361b1,9
436f1c3e-94ae-4cc2-af57-b2c31e390dcf,4
8874092c-f662-400c-95d5-cbf8832f4980,3
74e839a7-b9f1-44a1-be1c-81bd106d3058,4
dd158a5b-9293-4c93-950b-5ac477697e31,7
72d41531-7e70-4785-b046-341332efd5e4,4
1532f51a-8102-4532-ba40-331660251a43,7
9027cdc8-0294-4dc1-bcb3-0bff4123f0c7,6
488eaacf-c480-446a-bee8-0eb2a29326cd,8
e65d72a6-9ede-4617-8c61-353102f58b1e,1
49f7f993-383a-40ae-b0c6-b59f0eb55661,9
f3c1dd3a-accd-40c0-b984-9c8b68ea00dc,5
3879d3ce-5d22-4758-9de8-5ae47e44a5b6,7
5e86dc62-7bb0-468c-9489-412b095df776,6
1cb4a33b-20fd-455c-b72c-3c6f82eea804,9
3087874b-44d2-41c3-ba0a-070c28dc6cea,3
2f72a7c7-940f-4537-aee9-93e9e10daeba,4
2259780f-6a5d-4b38-ba63-8c5681899a62,10
145756dc-2171-429b-a6b1-cb754f13f52e,8
011562c8-f639-40d3-90fa-73b371f1d326,6
8f88b561-0a14-4c7b-b2fa-13eaca4cf829,4
400e9fc9-1beb-4b17-af2a-1f787d619e94,5
d4a71a8a-d0c9-4a05-84c2-d9db7dfc771a,6
526b9fe7-31df-4931-bdfc-113db411e403,4
457e2ca2-69db-4117-9d05-2ace925896fb,4
c828cd57-f596-4350-92b9-6dcafe001d28,8
5c34dbb0-42f5-4559-8464-fe735c73d44e,10
f36edf96-cc3c-4da7-9a5f-566cbbd3cbf0,10
04adde92-7c6f-4008-a0b1-4f3c1c37303b,10
dd808907-7292-478c-947b-49612eeeff54,8
7f7eeb70-0f9c-49d0-b3e2-64c7812099ec,4
4065f067-c83f-49bc-a324-4d93ac65201e,3
eef3b3e0-d6df-4adc-89e2-cfb655ff2315,4
eef3b3e0-d6df-4adc-89e2-cfb655ff2315,10
90fe699e-dd56-443e-989a-888ad34c4c75,8
e7e0bc28-aed1-4e37-b894-c3380441db9d,8
d7d9f01e-4199-4ea3-91ef-63d74d8062dc,6
37f7a835-bf25-431a-b1fc-11c6a87b1571,2
b0c1f3f7-69b9-49d3-8a32-3ea9910b7f01,3
4d20d594-633f-4221-9c46-71ccf16863f6,3
79321e36-e3d0-4fac-adcb-50dc486698d8,9
4655d958-7071-4fb1-bdab-a9561b831b20,2
b6ed8316-146e-46f3-b16f-46ab18811741,6
aebb3aef-294f-46de-bd95-6900be0db55b,9
3c402968-343b-4977-bd0b-3600859463d8,5
ea038c39-af91-49b5-86af-5becfe730d7f,1
ef36da15-6147-460e-8f57-d74b6bb0f6b4,3
47f3cad0-eaff-409c-984a-861e1030add7,6
78ad65a3-f789-4a57-99ef-33dd137eeead,6
bac53809-6f4f-4afb-8bf7-434c4785be42,1
67a7613f-9db1-4c9f-a97a-761b6ca229a4,9
1b51a108-e7ed-4424-9b3e-632e98d9d1fe,2
72db271e-5ce6-411b-90b6-257bdd808e73,2
d0fc7d83-8ca4-4536-9dad-a1c3604051b0,1
84e9560a-4752-4e4d-b77d-927a63ccb8ea,4
25de65cf-1e2c-41f6-b84b-79312dc0c0ef,9
3c48173d-42db-4764-bd21-a2e0a3866e8a,9
cfbbfc92-ecb9-453b-8c05-3171d2e17646,5
e36e28d0-368b-4f85-abd8-b3024d79ff28,5
c75c4e42-7e79-49d0-936a-0383d65cf850,1
3170a3de-5adc-4abd-8e33-4859ce5cf7c1,10
2a7d2d04-47b8-43b0-b13e-6c86ef901c3d,4
b67d499f-5635-4a3e-891b-68700327a470,8
2fd1bb7b-a50c-4d8b-9bd7-e1fe75345e73,4
388c50db-57c7-4540-8c2d-cfcef050c26a,3
bfef0552-b28b-466b-a977-39ba9e5e2761,2
4c70216a-e442-4089-9eb5-78529981bf44,2
ef3ba81f-d9f9-4918-9840-cf96141b040c,3
29caefb4-f818-4105-b880-86da406757c1,2
8e1de069-2ee1-4bac-950c-21e76c29659b,5
b135c360-9a0a-4a02-b71f-15497607c8b2,3
5923975b-9751-4bc0-81f1-8267e5225a5b,6
2c97db98-c48f-4015-88c0-9b7617cbe2db,6
d97e6a75-669c-4c79-9b62-8e5506827f20,6
6d1a3052-c505-45c5-812f-4ceefe399d81,3
051cc0cc-a8f1-4d81-b5ce-a170ffac1539,6
7013f97a-bbb6-469b-bc90-c819cae522c1,8
35f0ae39-603e-4671-b367-f233d4959964,8
019cef22-2ad3-409c-b468-e305ad2fc1dc,7
e8e0ee6a-b44e-4303-a49e-a5cfb2a387cb,2
289772c5-7b37-430c-bbee-f148a9ea36dc,7
4c40054d-7c2a-4b70-99c0-512831246ebb,8
d5e6c5ac-b910-43f3-a076-1ed72efbb387,3
b80f2824-2a3b-49b3-8a1d-62d60daa7083,4
d2bd5dc5-84a9-40a3-999c-20b342595ac8,2
34f2e157-5e03-4438-b186-32aa9ad63e12,10
34e8b281-89dd-4e02-be16-f31332b9e93a,6
055b2c23-2293-4537-a547-a61c3ef1c37c,10
43550e29-c89e-4435-8dce-554a054a30e1,10
96467b11-561f-455f-8fc5-d067de03689c,3
57c07e27-12c3-41e6-843a-0a3a3de29100,1
8f70cf4f-9b93-4a78-ab0c-3cfe39e83f9e,10
8dda542b-e4a7-437c-85cb-ec703d6239b9,2
cb9fc186-f8c6-4549-a1c5-75068aa15883,10
ad8f7867-b719-4e2f-944c-9a5bbca65165,1
4156be2b-fd17-4d60-8c31-7ec7ae11a8e9,7
5e73d853-f050-4949-9147-6c456c2cf00e,1
6ec48206-4154-49cb-a6ff-db0d701d05ea,5
e9214ecf-923b-4bb3-94d0-902cd5670666,9
b1cf5e9c-2fe5-42b7-9207-d180c0d5f429,5
ad37e00c-8deb-4543-8599-1b6f7bebd868,4
fd63e659-d018-4570-889f-4d7db49c4180,4
8bf83bfc-c60c-40b2-b41a-de848931efcb,9
5d33d8c4-d397-48f6-9ae1-f8dd46a77601,9
34ec5f8b-3ad4-4caf-9ebd-813cd626d9a0,8
b2d9a563-d5ce-4b5f-aabf-17a3793ec6b4,1
688fd9ee-b398-4bc1-a6f5-4662e249000b,4
8fc7224f-7a82-4336-8fc6-abc0e91263cf,9
0759e9b4-6374-4d34-85e8-6d4f213d965a,8
156ee948-c7ba-429e-a6a7-80971289ab35,8
bfc368fd-ff37-4a65-be8a-e96d7706a416,2
63aac576-76e7-40c8-aadf-86851f66c633,9
3ff6aed3-6342-4962-973b-650267b638c8,5
96e742e9-0d95-4ba2-8bb1-90c6f29c6574,8
82dd0e04-f26f-4b84-888e-8ac79283e747,1
dfbbc03d-0988-4725-a7d3-d616453212b5,5
434dac6a-26f3-4ccc-b826-e5d9c9aa1e1d,10
dfe0e1a2-48ff-4629-9917-af634a8949be,1
d8df8cdf-6576-468e-a7aa-d0b24c7e7053,7
7a4c3947-0af4-4acf-8f8a-7c6d8acf68e4,5
e7e0bc28-aed1-4e37-b894-c3380441db9d,3
01e8c960-038e-46e3-8d3b-6d4fb66c19f5,5
0495238d-5752-44c7-9aee-c216edbd3f62,7
da877d46-3be1-4bb8-be55-5606968b0fa8,4
298a4bd7-4ef9-46d0-bcbf-cb8715cb426c,4
34f733dc-feaf-41a6-b1ae-4af58365e324,8
74248c35-38aa-4bce-8411-72852af9f774,9
8012d796-a8bc-43a2-a7a6-38aa87d845d2,6
216e639e-f072-49a0-a8f4-ca99a3b08c02,1
4f12910b-4df6-45a8-96c3-840b4b48bc8f,9
46a89bad-1de0-4132-9a2b-1eba43b83958,6
e721ede8-4100-4da8-b3ba-358aba99b867,5
71eafe9d-bf1e-4d40-887f-697dc22a5cf6,6
5005f140-9d9b-481e-912a-1fe4278ad1d4,1
41e65123-d8b8-4895-910b-73c28bcf658a,4
c256cc77-dc7e-4688-b8dc-93a8732ecf58,4
c1057778-1f82-4d09-84af-b2efdff395ad,8
54efc97b-7bcd-41a0-bc60-0e5fae26cefb,10
c7ca2a54-00b1-435e-84d3-9e8b0fe5832a,4
91187fe9-1a94-40ba-9649-1f2ab47d5d06,6
425c1012-90cb-4c09-82be-7d259fb65f98,3
b7e23b2d-afe4-4085-848e-a2cd27ff049f,5
1ecf403d-7fe2-4c77-97c0-5be8dec2c79d,8
5a6cf174-f9b6-467b-b5f3-9623510d6116,7
1505072f-5ed3-4bcf-875f-99cc21a89ab1,9
3ecc6b96-9c4b-40ac-93c0-21df3bef2a44,9
d384e5e2-ac9a-4ff5-ab86-47c48bc58310,2
dcbf4a15-ba14-4864-a005-a95de327c218,7
a9ad655c-2f55-4bea-be2e-d36b21f741da,8
c37b88ae-2f7a-4084-9615-f3e31a21bfa1,8
6c996443-0045-4692-a613-b15d9bc3ba7f,9
c88c6a23-1834-463c-af61-3239b1db67ae,2
0b8e7310-bfb3-4c3e-b97c-629ca3fdc69e,6
fbe0e531-b95a-43e1-a67b-27082cce1e73,10
e95813a0-c514-44d7-9fc8-561ae6e51b69,9
28a34b15-fdd9-41f4-a4d8-ff14e5c6564f,10
70e918c0-445c-4913-b31a-394aaadf4285,5
2bcb45a5-fab0-4802-b463-2635dbac29a4,4
62915e7c-efe5-4b83-894f-a3b48ce991af,1
49553b2d-34db-4825-bc23-1032b9b74965,4
c967b50a-ee37-4e4b-8f77-bda3829d0745,6
fb1516ee-1e72-4de8-a495-48875348ab04,1
a9d808ed-8347-4b04-8912-5957c573e274,3
a9d808ed-8347-4b04-8912-5957c573e274,4
41456aea-3427-4f61-800c-2472c76a1a4a,9
d0149c28-4542-47b7-8961-2485cc8ad4cc,2
807c23d3-a2c2-43e8-ad8d-dfc4eaa7dae5,4
a2d02e60-ead3-4fc4-acdf-f1b6f095b8db,4
181a6ca3-0d1c-48ad-a403-3d527fcdecc6,4
f5a8c57c-5b22-4b16-a9b6-3f74961acfec,8
842d2e26-b8c8-4c87-afd8-043cacccd6d4,1
798b88a1-051c-4f96-a713-3552e4e4de02,2
42ed4d0b-b324-4913-a01d-629fdf163b1b,10
29f1b742-8806-40b8-8a27-518026ff9022,10
2d0ca944-c953-47c6-83df-14df32df8a25,1
33503dc8-c717-4ffd-92e6-99cbe859656e,5
15dd911e-5795-49e1-8ad8-88a06d00fddf,8
1f7219b2-d044-4749-98d3-5e818d6953ca,4
ff82358a-8ea9-484a-aaf3-eb2197e4fadc,3
2ce43836-be13-461e-855c-d4835fc6c969,8
1c36c735-4a6d-4197-8b75-35ff3ac2f973,3
91183960-8a36-425d-b600-893e9e0d0a96,1
c9dcdbc7-df10-4e57-b790-8ccfa8c66f74,1
820c77c2-c015-48fa-8d92-e265f09dcf31,5
13d1b9c6-a3e4-471c-9c40-5715060ed995,6
8f6dd3b6-5edc-4d41-9edc-77fd202d12ce,6
ac283459-db69-484d-bac1-f9954c397639,7
940c3fc6-e589-4d22-9555-efefd88e58df,9
42db6c94-d130-45bf-a8b6-dedd0ffbffed,5
7e8f9d7a-b412-4af0-a8be-48eb5cf16676,2
8ec2cb23-5668-4e08-b893-ac92c271c159,5
ab83ec9e-ca67-4bfd-a356-a52f1b313b5a,10
28c5d592-5f1a-49d7-8a2e-a442cd111745,9
712e727f-8894-4683-9e9a-2f34b49ce761,2
d3fc92f5-bc7e-42f2-946b-339ae2f573e4,2
34ec5f8b-3ad4-4caf-9ebd-813cd626d9a0,8
94a9f797-b64b-44f6-8e8b-c90ab8ac2e50,10
90fe699e-dd56-443e-989a-888ad34c4c75,10
c967b50a-ee37-4e4b-8f77-bda3829d0745,4
c6a35930-27a9-4ef2-a874-ce101fab02ad,7
747d493f-8710-4492-9dea-53542af4df24,8
b1f88f94-4858-449d-901d-d2d612c0c783,3
4ae61641-e29a-4796-b4a2-df0be79dab17,1
f47b38e2-037b-4a1e-8bae-c5511deec68f,4
842d2e26-b8c8-4c87-afd8-043cacccd6d4,6
2954deab-2d99-4318-8f16-ad6d6afdd501,10
5f786a9b-f65c-43d6-b01d-1da3ec926773,5
f16e886d-7282-4afd-b130-dc7da2b10231,5
7a0fff8d-bcf1-407e-a475-3bce01f6d273,7
b71fe9ea-c107-453c-8c8b-861340176de2,5
3bb0e129-3aa4-4b19-a93e-87059b38e48f,5
d6f8d7cc-cba1-40ba-b745-14b9bdbb231e,4
d2a0e506-aa5e-4b52-b00b-d8d33f267b6b,5
0b064289-0ede-4e22-a61e-056b0b0a81bf,5
d4a0c7f5-702f-4a8c-b2cc-bb09d676cd32,9
4e03b2c7-a57a-4b0e-a3da-7ac2453dd30f,5
b9c1aafe-5f8d-4880-bbfb-522a9c8c46ab,4
d80169a1-9efb-4520-94b3-3720c47a4892,8
fb3cdf70-c6f3-4cb5-ae70-88b94c1eed0f,6
801f86b4-7661-43e5-bd0c-474cdce2b81d,6
b4f71895-779d-4525-ad88-72c4de8458b9,1
77848002-c462-425b-b2d1-5ab0eb0acc38,2
72c8f23e-c5c8-438e-96d0-7e3e290d6994,6
af811bb8-f3c3-43d6-9463-37fbcabe9484,10
bb757bc2-bd04-4cfe-aa45-3547bf0a9392,4
2b7c428d-85df-45f4-b4e5-f589e0f5c7f5,1
79f4ef9e-f823-4564-98a2-5b2a601e1d76,6
59b1934c-2438-46c1-9296-806241ea9384,1
13d1aa1a-94c2-4aff-be87-fba2279e419d,2
d7d9f01e-4199-4ea3-91ef-63d74d8062dc,3
4065f067-c83f-49bc-a324-4d93ac65201e,5
d7d9f01e-4199-4ea3-91ef-63d74d8062dc,3
c8a2e136-10ff-4bce-b241-d8f4c9215956,1
385bb994-e65e-4761-9690-011481f15a05,4
4891bfb7-b6cd-45db-9a35-e6915a90b2c6,3
775d5f93-42ec-4fd5-abd9-04f38e303e6c,1
9393fd34-8671-4b5c-a029-8bf6bac07f52,8
92716110-530f-431d-98f6-cb8923464891,6
2d998be0-0e0a-408a-9b08-e9299ee540a5,10
a5ea5ad1-f9ea-4bf5-8968-1292c344104f,1
b6bac4cf-92f4-4c4b-8884-2b0197908fe7,3
1bc183ff-e646-4c2c-bfa8-b4a04ad1ef8e,8
ddcf858c-bf52-4f51-89f8-fb8cd826d423,3
27ac4823-7bb4-48a4-b4b9-dedb2d1e7804,10
b1b624e5-ca3a-4ac9-bcdd-dcd6476bac01,3
6467f8ed-4284-4f1b-95ad-1a7f924f2c3a,4
f5f4b452-de9d-4816-9cdc-6b08a3e1cc60,4
993a3b76-d75a-4b1e-a0c8-47fcff6a7027,3
6dc67b09-fcbb-4f52-89d7-10551557b9aa,4
f5550454-83fc-4a80-b5c4-995560c67bc9,5
a85ad97f-010e-40fa-b0d1-4e09c52a7bd7,2
993a3b76-d75a-4b1e-a0c8-47fcff6a7027,3
6bd01560-47e1-4ffa-824a-786c5257f3ad,10
49553b2d-34db-4825-bc23-1032b9b74965,2
adc939f6-a209-47e0-a3e6-545bf342eab2,5
08ba0750-e6bc-4f6e-a6a0-b200d87b05e1,7
279ade5b-5a69-4bf4-96ed-4c98f3075880,9
7895b14e-853d-48ad-a61e-88c6135bb093,3
6b9faf01-414f-4e1a-a978-024827330105,4
f8a8370d-e5eb-4b3b-adc9-c57e356b3c71,1
a6a4eec4-4e35-48f8-bdbc-1cb649cc6c23,1
28adc00d-2ecc-4243-bf33-b91b25732090,7
cc09f67a-21b3-42b9-bd69-6b246f2371b8,1
9e2c128c-d230-4c72-8369-3e6501123dba,7
8da262eb-bc7b-4e3c-b71a-df75feec327f,4
9068929f-bce4-428b-93f5-60a40765a925,4
9d82b4d3-8128-43a9-afa5-14c1b397f853,9
c72c6b29-aabb-4ad0-8cc4-876dee5ba605,9
1d720a3d-2142-42aa-b64b-b71aac79e876,9
46531696-28e2-4961-9eca-26c11126cbca,3
d5a2d265-6232-4428-8004-1be2cd28eeca,4
82b62d69-f6b1-4731-9229-2f74507774e8,3
3165eae3-f0d4-4860-b2eb-01a5d399c607,1
5d33d8c4-d397-48f6-9ae1-f8dd46a77601,9
c6789242-e2ec-4176-aa1b-a59a61f8a81a,9
18661e55-e043-42df-a6c8-fd5e777dc116,4
cd2570c6-9dca-47dc-a6cf-e6111e8de734,9
70013bd7-4a26-45c4-8920-745065f275df,3
9359374e-4322-44ab-98df-308a69d134a6,9
3d1c953b-4aea-4702-93df-72aadcbe4b3e,5
bce66914-5204-4f13-8691-752b4da22786,4
0b1bf3cb-f575-4e2a-b492-90b90c4d59d2,1
5881b3a9-b5db-4b92-86e6-f4e068449314,5
abf8a3a6-1eb2-4a07-8cff-93c68f5e11a2,4
3f70b11d-5c7f-4ee9-a09b-cf2ce9a6f186,7
abfd27fb-fd4c-49f3-a45b-6162ba3f3940,10
1a3d4627-37fe-462c-a634-32b51c5e4a5a,9
aa8943c7-cc94-48b7-9aaf-03420bfb0205,1
86fb8eae-6ee0-4947-af8a-2379a51911fb,9
16f3ed08-6d83-490d-80e0-844cc0ee92f7,6
5517a7e4-c2af-4c3c-8617-bbc756b099a7,10
b82c653d-f5fc-4ea4-a55e-840cfae47961,1
c21db611-0072-4909-a213-c7ef9f0196f9,10
8a6b9a36-49c2-406d-b37d-3053647fd2db,7
fb3cdf70-c6f3-4cb5-ae70-88b94c1eed0f,6
44023152-9fa8-4817-b385-91d83591d81d,4
3ae9ef00-7861-4214-9d93-c2acfe15a1b6,2
dac8dad0-49fe-476d-9df4-123c08542b40,9
a24534ae-c10d-4065-829e-0857f09f0b96,1
b2d9a563-d5ce-4b5f-aabf-17a3793ec6b4,5
594c5349-c7da-411e-96d6-4a83661fc0fd,10
9a87d4b6-6e70-4e40-b8c4-3ee8d0376017,7
1fe75cd9-0193-4b93-af6f-41bea194cb15,6
5e08eba4-0fbd-444f-bc3f-871029f7bb9a,8
3ebf9b36-98bc-4126-9712-2a6511c5c03d,9
c30c82a6-bdf4-4bb8-b6fd-80af341a0f1f,9
cb219a65-3eb9-4a4a-b038-545d6c47e148,10
80a3ef5d-cec9-48b0-b454-45ae9bb29b10,3
c95e919f-cf29-4a1f-90e9-2373ca9d4c20,9
16d08222-d74d-4e10-a8ca-dac71fd8318c,7
4824dd59-9746-4ba6-ae4f-23976051c62c,7
4453de19-ab7c-4e26-bdf2-4b9ca12d4eda,10
a97b5b4d-44b2-4fb1-8c45-e9da57a5a806,2
5fd9ab07-e587-4a3e-b535-8ec315f6b52f,7
6f97b982-5974-43df-a846-9ad3d42298c5,9
a4906b50-c87b-4ad1-a143-d03bec6290dd,9
3c3bada5-8113-4d8e-9ae4-cf4c7a90033c,4
c2f4408e-169b-406a-a719-b7ef15b84a95,3
ea9253c3-88f1-4b00-a62a-c309c594c0c5,4
93f25645-4823-4677-bb33-b08d44d89631,7
a76223db-6e3f-41d4-b80d-923504061b4a,4
c40df380-6c00-4017-b9f6-5b61be57198c,7
5383979e-735d-4e9d-9c65-e7e6ceb58f48,6
bbb06da8-fb24-4aff-b765-4f0911f35101,8
6e4e933f-d3ca-4cca-aa75-52c03627754d,1
6f97b982-5974-43df-a846-9ad3d42298c5,9
caa86b9d-485f-44d8-880e-5dd84f68620a,5
7e297910-c7a8-4ddf-b4c6-05ab86327b84,7
49b6440a-6de8-47a1-8707-82b4d2592ac7,6
32b7f0a8-1070-4a08-adb0-e93ffc3c78ab,9
9d16af82-655a-4e70-8d85-258ecc1fb282,3
75595ca0-3b24-4311-8e21-045941f92d25,4
a4026d81-5705-433f-b500-e9c38727c257,10
5008bea5-173b-47e6-bcf1-26dd9d10313e,8
fa0309d4-cb49-47b2-821f-e620d9cf098b,6
ba23e1fc-28c3-45b4-9723-28e92f5cb95a,4
216f4f32-0fa0-455f-9261-9248f7ee751d,5
fdb105eb-ca0c-4f95-9d6c-5784fd36702c,6
9c6bd4ed-2a28-4fb5-8552-6a08dd901349,4
70d8bf0b-2f7a-47d9-9f66-a11b613f6da3,4
4342c8c5-c56f-4c9a-b4a3-f67cb204d88d,8
6209fadb-6b05-4415-b76d-e27a7825836d,10
27f1529f-fd4d-49e8-93aa-c8e733b0f748,10
53168a87-33b6-4f22-8bca-b36c1d0651d0,10
3f1066b4-ab43-4ae1-8efb-da68acfc49d8,8
d964efee-09fc-47bb-bfb1-70938abca1bc,4
02458551-0b44-4a3a-925e-2acd28713205,3
9ca4b988-ce6c-4106-9012-a6b7c1d46852,4
f859e922-f858-4b09-8815-aa24191bf5eb,10
a0952d8d-ece8-45ac-b34e-8773437e160f,8
905b28df-84d7-4864-a2f8-edc72125d802,8
68db364d-8888-4a8e-a5ed-09cb5b931e4b,6
8bfa8790-7517-4780-9f6c-98fa5ae160f6,2
c3a6f110-4731-4d2b-a3da-1290504657b9,3
46c120f6-e2c4-4ee0-8848-731c78e027e7,3
52188260-5aa6-43a0-843d-b2bd391c0fdf,9
88c9d7f8-839f-4530-826e-e883368af63f,2
4734d859-3a94-49ec-b362-f872e641604f,6
4fd175f6-ba21-4239-a43f-7d462247d185,9
003f5b80-cce5-4423-8da5-363299f9067c,5
114acf9f-1e4e-4685-9a47-1a019743817a,1
af709cca-2570-4e7b-b432-a60eff458c22,3
05a6eaec-006b-4896-92d1-ef42e6bb9926,6
a026dab2-3e49-40e9-8656-89a6ffef1a14,6
7baa223a-8426-4e77-acca-bae0ecda0c45,1
c482c112-d2b7-4b4e-99a0-69ba02bef5ba,9
02cba0b0-19b8-40f3-bf8a-796cd2b8b0ae,2
8f1a74b8-b8f3-4123-9b5d-d92c50b2e006,2
c533cfaa-58b5-4b56-9794-31bc79998af0,1
8b41a6cc-3fc9-4650-bfff-ec99fabd6424,4
a5f74e21-85c0-46d3-b339-23f394aa92f9,9
6074961d-c2ff-4f8d-8548-3df507ad05e5,9
1c36c735-4a6d-4197-8b75-35ff3ac2f973,5
6b18f32a-49b1-4f39-96f9-31358b690200,5
d426df60-c8a4-4595-8dca-5e87bb03a993,1
799046db-6dd1-4147-b1b0-b0fabb7ed8ce,10
754c9733-a1f5-4e4d-b52e-70aa1d14089c,4
bcccbdeb-1e63-40ba-a752-917cb162dbef,8
7a53c707-623d-4891-bd58-acf905f5b0ea,4
467fa51f-4d5d-4f01-b03d-32e1fb8fa71e,3
b8687e06-426e-4bd1-8b71-0e19d12735e9,2
e08d4002-989b-41f5-82c0-2c8579d8d18c,2
a721b48c-e1ff-4a40-b534-497dc2027001,3
49553b2d-34db-4825-bc23-1032b9b74965,2
408742e7-15dc-4a60-bc57-ceb49e383ff8,5
408742e7-15dc-4a60-bc57-ceb49e383ff8,3
90c9e753-f1b9-43b5-9fcf-38eef6bde232,6
408742e7-15dc-4a60-bc57-ceb49e383ff8,6
90fe699e-dd56-443e-989a-888ad34c4c75,6
aa8943c7-cc94-48b7-9aaf-03420bfb0205,3
aa8943c7-cc94-48b7-9aaf-03420bfb0205,6
a493f92d-736c-4811-85d4-cf0a6f751c75,8
5ef4eb67-b881-4150-b3de-0ab7059cb3bf,8
80fd98e4-7ea5-48c5-9cde-ca718be4dba6,7
24440103-b4b5-4e9c-9eb6-6e08130a6de7,2
eda82b07-3410-493e-8c58-0bbb4d2eab6b,7
fdf33699-3c19-4f7c-b83b-3bad5e2885c3,8
f4a0a163-00d6-4aa0-a792-fbcb27b5d1f1,3
68bfc9b8-e630-48c0-859c-fd2b8407dd09,4
e4b871a2-e0b3-4929-8f5a-ea39d7e7577a,2
77107b41-cb1f-4e4d-8f15-103ffefb1684,10
2360886e-28b1-4d5d-a8e7-e046f40d1a8d,6
bd7c322b-7a22-46a8-8440-bd9965156ce3,10
8fdf78ce-2cda-4b77-84e8-28348dad4829,10
6fc3244e-9fcd-40cc-b1c3-7bebd08c4bf1,3
ea778a95-7bae-4d63-abc4-940e51474fad,1
9ac09cec-7203-4834-9bbf-839304ed7e80,10
461511e8-8887-4673-b795-6fae413a5eb1,2
52943f97-2b1e-4728-b8eb-e673c1130c65,10
5aeb8b80-f753-48bb-9946-85eccde0487c,1
a75e24cd-7931-42c7-bb49-6455142aaa93,7
e43f0c41-acc6-4e4e-8f28-100bdfa8a189,1
7fd452b9-2e8c-4791-bce6-db682cf5aca4,5
e171e5b6-667c-4872-a719-0177529e6e3c,9
91a9e41f-2d06-437c-8377-a13267b0e31d,5
9ff529f2-441c-4897-9177-1806b1bb0fad,4
bd51ac8b-58aa-42da-aa61-87f4a1925def,4
2012bc63-1022-4b94-8714-d61ed38ec563,9
58712ac6-a2e6-4117-bd4d-5c8ceefef799,9
22ae55cc-72f2-4479-901a-9f77c12e591e,8
4f7d99e8-9ea2-407a-8bb6-0ae936a60a0d,1
28fe88a6-3552-43a6-a5d5-6ea867187b64,4
4864559d-87c9-4e66-bcf7-0e83968ec36e,9
6b3deb3b-70d9-4925-8322-0667592e0949,8
fbea8309-a8ae-4f7a-842b-e918de0755de,8
6ab3a14f-ad65-46cd-9a9a-b25077ab0637,2
3ad91516-785a-46e1-995f-b2df568703dd,9
7c2ad8d4-a618-4379-993b-dd31bd55ad88,5
8da8ed18-a970-4039-b7c3-b07c8d40bd97,8
45174664-e283-4d7a-9274-659e8657be8e,1
e19d03dd-44af-4e15-83b4-e459779b579c,5
fef5e327-fee2-4b30-a222-3607e508c192,10
bf62c9a0-b2f0-4d3d-ab9a-f96afef03f35,1
880cfad8-12dd-43b7-8dff-a5bc875d835f,7
2465df0c-078e-46ec-987b-cbb97c91caa4,5
dcd67d46-619b-48e9-b16f-e1be754c05ba,3
8149b46a-e5e3-4272-b645-244d4f029b3d,5
cdb25b65-fb08-4dbf-af83-fb12d8a2b81e,7
d9bf411e-fc84-4ecc-9c93-d7c804f3b512,4
72552af5-dea3-43fb-878c-1973abad3dca,4
e82c36a1-992e-4713-b915-27d2b3601d2a,8
79ec8f69-b0ae-4223-bf03-f06c28def8ba,9
67ae1d27-b2d0-42fc-a023-a67c6cb8474b,6
41046b78-1c16-4c49-852a-e0e9b3473b44,1
55d85b58-d351-42e4-8a77-0598e8fe5507,9
5c0693cc-75ff-4534-b7f5-101f418b8cb5,6
0e3929d9-9ee6-408e-b6e2-5f0943a3c70f,5
15f6db10-ff68-466b-b3ef-fcb30d85c321,6
0672c202-1afa-46e3-8fcb-70785dac7b5c,1
33cdbdc8-b1d8-434d-a332-e024ec204869,4
8f70cf4f-9b93-4a78-ab0c-3cfe39e83f9e,4
b12c5a4a-ac6c-4426-8c4c-9a7cfc9e092e,8
73e888b5-e170-4fcb-9b8c-214af956d989,10
beaba25c-9dca-4fe8-9824-01a17773b6a2,4
39224c85-d724-4152-89b2-dec44afcf57c,6
f7f197a7-0198-4b02-8a14-501e6793418f,3
bd46cc86-14d0-4485-98ec-459531f2d11c,5
6f286e6d-856a-40df-a988-cbad0ceece84,8
6f286e6d-856a-40df-a988-cbad0ceece84,7
49d0c93a-bccb-4481-a8aa-ec422d9f4ea2,9
13d1aa1a-94c2-4aff-be87-fba2279e419d,9
b4417011-ecd2-4a55-9081-981e4520ed8a,2
7145a3ee-2ae6-4922-8ea0-3da997c7ee77,7
ac3aeae9-c21f-4565-b578-9ad17cea9b82,8
189fc5a6-b273-4f15-8248-f2b1ef7a1479,8
6c1e1b5d-03ca-474a-8c91-8f558ff69993,9
c864a578-e8f2-4c72-8414-5a3129ed23a5,2
00ca7afa-3aa9-4c8e-bd4e-677405d1fe03,6
c659a0b7-3743-4d32-a5fc-ba7a8ba4b1d6,10
d463b543-d325-433c-bd4e-eaab64da7a84,9
46e256f9-df7a-47b3-892d-216c8f4dcb47,10
a14b671c-4baf-4650-83ec-5ab761ddbdb1,5
5f16ad93-5bf9-4843-aab8-e4a8cbf04cf1,4
c364b650-3ff8-4627-99ad-bcf7ce6d7bcc,1
c3fb7e56-bfe4-431c-8444-3b2bbdb6d7ea,4
55bae865-58e1-42c9-811b-8f0730f9ec76,6
be36e91b-4e66-4041-81e2-9651911636e4,1
97eb7031-a613-40ba-b977-92e0bd609302,3
a179b405-a8fd-47d5-a8af-299fffd016ec,4
018822e1-3452-424c-a4ec-13a12a0c84ad,9
5124f570-46ff-4908-8536-e019c6c2cbbb,2
fd065905-337b-4497-88a8-40f5625f1dd2,4
203ada2c-88df-4906-886b-966c56fab5c8,4
cf49c5e5-5b7a-4023-a98f-9a1e493a18a1,4
5702f7fe-10d5-4446-929b-3bc24a35936f,8
b030fc54-dfa2-4d8b-b160-95949f7cef47,1
a591ae71-fec1-446f-ba95-f472d946d5cb,2
7463aae8-3322-4e6d-af4f-46f18b2710f8,10
3e968ca1-cf7d-4fcd-a203-693d8dbfbfac,10
bfe8689e-29e3-4b17-bfe6-3557c2aff2fa,1
ae11ec94-3ae9-4673-acac-672e70114507,5
2d88e39c-e5c6-45a7-817b-24b0377e2b67,8
1fc06e3e-f7c6-4418-89c9-cf76f65096af,4
e2c0d184-bed2-4543-b633-1a103cfa722f,3
33a2a114-33ba-4190-aca9-f860c8d5a483,8
1811472b-c3c6-4067-8b19-1c19e2e5e42d,3
f7c0b877-ce61-4396-9176-b98ae647c975,1
6a81007d-10b8-496e-a315-a3c6c98676dd,1
aae2ff68-1999-4265-a319-c828777547c7,5
33e73cf2-eb19-4ab9-9333-9e82d4927e27,6
fc1c73a5-afdc-47ca-9013-9f6be80ee98d,6
e2dba914-0fae-4293-ae3e-a0d64fc48edb,7
a82d366f-dd9f-4d5f-babe-72b180deb084,9
93ec24eb-0b11-4690-ab9d-2007e106d9a7,5
be6c71b3-fad5-4a12-8d14-1dcd3881dee6,2
2d5ca2ef-ba16-4f72-b325-6addd0aeda3d,5
8f85c9a7-0568-44b8-ba09-01ab670b2ee5,10
d9bf411e-fc84-4ecc-9c93-d7c804f3b512,9
52c713a7-3708-42dd-a98f-473bfddde19a,2
6a694015-59d9-46df-bee3-e5833e304243,2
61b8af07-20c5-461f-8299-d8883afe830b,8
463eef57-c92b-4721-be4c-a73f5c5c57bf,10
7c93a78e-2ced-4ada-b902-49d0ad4546c8,10
70c9c45e-5d9f-451d-9122-68652eaad4d0,4
c1239dec-0a65-4ab2-b566-6fe775747cc6,7
56b91c4e-2433-4e6e-9635-2ce30fc7342e,8
92a556b9-c2e3-41de-9b15-cb028271593a,3
a7940edf-7544-4efc-8a19-0f204ab755e7,1
2a1cd236-a432-4323-96d8-094563c6e1b4,4
ae98996b-0628-479d-873f-a96b8a78336d,6
28c22d78-abb1-4048-bb93-86e8c3f978ae,10
957f40bf-c4c0-48cf-b541-718963d35065,5
d1ed77fc-dd2a-4374-8be7-0396efda6c88,5
af0875e5-71d4-4587-ac05-07e995043236,7
af0875e5-71d4-4587-ac05-07e995043236,5
3d797015-e0c0-405d-9792-6247d1f3d659,5
0a908d26-0716-492f-82be-94fe38b7bc9c,4
b365b6a7-3f07-4004-941c-06c6958ef52b,5
301ba1a2-c7ed-407f-82bb-a408a3582eda,5
c49ed239-1fc9-45fa-a39d-6ec0f2221e18,9
5596ee1b-8750-411e-acdc-49e53ceca7ac,5
3f93301c-f861-4acc-9ff4-fab4bff50eb9,4
e5d49e95-0535-4175-b3b2-74e96d29292c,8
df2e83e6-df6e-4154-a0c8-75ffa3351779,6
78d189e6-038a-4510-8d8b-832e2b8529b3,6
35eaa26a-1148-4fa0-a5f6-f4f4cdb99780,1
4468c1f3-6e9d-40b6-a229-1d482143c530,2
86f818a8-58b3-4a38-ab25-19597dfef112,6
92727b16-f70d-4cde-b5dd-51b36453a636,10
f021f394-30c0-4584-b75d-3c01f80ab56e,4
3ddc36be-2c18-4700-87d9-0e8d188451d4,1
a25c946c-13dc-4b0e-a98c-70f6fe0fc621,6
e2bb6aed-c516-474d-b841-128290aeadf3,1
cabb925b-f2d0-4c67-9494-843ed699d1a0,2
8b95959a-4c20-43ff-b6da-d8a1808d4b46,3
9639efbe-d1a7-4bac-afa3-9dabbb257be8,5
cedb4996-8033-4260-9a73-6cfa495bdd36,3
7b3c4706-58b0-49ea-a99a-9d8156ed67a0,1
b2e4cde8-c003-4952-9ab4-71ef6679ca9b,4
c0f60bdd-8bc8-442a-998d-c76891194218,3
5c219cf3-0e74-40f4-b741-ffc28bb8a086,1
ea0f60fb-5459-4e0b-8cbd-b7000dac2b78,8
d9ca4fcb-1e8d-4898-a5f4-ffc192849735,6
0cc6265f-1516-465d-a7e2-eabc26a52661,10
dea60898-dcad-4aaa-ae38-eec1328778d8,1
c623f2ea-6ebd-4e3f-b204-d81362bdaab0,3
2a98f7c9-357a-4634-975b-56f9bf5446fd,8
6955924c-5e53-4569-ac3c-40f501c24da6,3
56e5f3c8-b2c9-4dcd-a327-96f3e74152fb,10
25c93545-3f7d-4488-a4cf-ad8a72ade9c4,3
b3b1202c-fca0-460c-ba19-f8bd23551ecb,4
6a3827d9-8fdd-4ae8-8517-6d64ff8b6a02,4
896f6044-fa06-449b-96d2-99abffe3df04,3
d11cee78-5fa3-4f8d-8f21-d0e031a02708,4
38f06361-2ff8-442a-9453-66b11d536a3d,5
e6f4a821-c677-46fb-8212-53c7b9ee6ad7,2
89f5a193-6fef-4b3a-9c1e-67ae945d8972,3
895dd3ed-f64e-4e4d-9d52-84a53047e434,10
1b8d63e9-eebd-46f4-8a3c-cd9918ea4ded,2
bd2fd9ba-904c-440b-b1c7-db25c4bd264d,5
ca734210-8a3c-4733-8faa-abd72e071118,7
037e354d-3b95-4369-9819-6aa726eb17f8,9
23318a2a-278c-405d-97d2-11a288906ac2,3
f62e9b31-61af-4578-8fbc-c6d9346e8aa7,4
1e64d0af-fcf1-45e2-b765-678eece0467d,1
1977bac1-9fe0-4a51-be15-40f4f6dd407c,1
38c9b519-6396-4747-9b5f-00e5ef9ed3ca,7
093e8a52-89ba-4cef-a92a-d97f1803dbdf,1
501df49d-6c9d-4a28-8c2f-64eb9eeaacad,7
78e3f93e-2cb4-42dd-b419-6ce6b814ed84,4
965f62aa-858c-4fe5-9b43-5d2b69d47c30,4
e7fb939d-0902-44b5-890e-1d72fd8fa446,9
edc4485a-8590-4adf-8ebf-3ffb3c69732a,9
7d0411fd-db56-43d8-9298-468ff3c729f1,9
d099873e-3fe3-460c-b83f-71925059938c,3
ab908361-196c-4b68-ab8f-2448c161b5ba,4
13fe858e-105c-4ec1-a24a-eeefcd17f628,3
f3f82366-dede-47ec-8321-31d0cfb5a5c7,1
22df1cdf-3458-4d1c-baed-423fc9ef4f10,9
641d93e6-5fd0-440b-a144-338a6f60517a,9
98e1449f-d9be-4c35-9dbb-adc0eac10392,4
9d13828d-a6fe-42be-830c-15b84eaf73ae,9
2af9b662-082c-4843-98c4-7f3ed0c5686d,3
d328bf46-63c2-4057-a226-266010b6f7b0,9
945c0c93-4ace-4cf6-881a-b2aaa27fa79a,5
a6780af9-b53f-4733-8035-b4a4eb7ed953,4
c8694e6f-f9b8-490d-8548-ea5da26e824a,1
3db0fba8-7b81-414e-8ff9-b0ade5f35fec,5
9aa5a878-68bd-4385-929e-f089b57ac22a,4
30077abe-e3c4-42e4-8d59-7f7cd1632b09,7
6ecaf2fb-ba0a-43c5-b48e-5242b93e021f,10
8e64aa31-1085-47e3-aebe-d3344245003c,9
07d08cee-a0fd-436f-93d6-05d915b94c99,1
4273a8bb-f657-4b09-8165-b2695f364793,9
11073c27-6e39-4f83-984d-b246c771d66f,6
bbddca84-70c6-460f-9b63-6a09d1d73555,10
448a9016-d4fe-463b-bfef-1f73f632a111,1
24440103-b4b5-4e9c-9eb6-6e08130a6de7,10
f7eb120b-bd34-4e66-b273-84d541e9cf27,7
c576c90b-747d-4edd-a798-d4dbfa4a08b3,6
33a4a1c2-a5dd-4ffc-a82d-2b9d1652e1c4,4
8ba530a9-91a3-4b2d-a60f-89fbca58efd8,2
88e74b79-ee1a-460f-95f9-38bae8da8837,9
add0ed0e-7657-449f-8e11-3a04c8096b09,1
25d911a6-9ede-4e21-b53d-bda8903edee6,5
2ebe04e0-6c88-40b4-a06e-24bbe348fd33,10
858b74fd-0bd7-4ea4-99be-9ceea20403f1,7
96baa500-363e-459e-affc-12c664132e54,6
0a23eae3-f069-45b2-b246-8d147ece61a6,8
35414db5-7987-480e-af88-ad982e08ba18,9
91677f3a-6373-42d5-9a5c-8a9951405e1b,9
6eaec479-68ae-4ec0-9bf1-eb3ce1767805,10
d276c1c0-09df-4bf1-9d68-e5eb33f1525d,3
c17f3b5a-5a42-44c2-813c-680cce6331ff,9
9a6b3371-ddad-4d6a-9d51-66478f1dd56b,7
869eecac-95bd-4a0a-9e27-8e14cbc61cde,7
fc1c73a5-afdc-47ca-9013-9f6be80ee98d,10
1dc9d018-a73a-4f4f-bff5-1becb6a252d4,2
54a8b0bb-c6f2-4377-926d-acb3b160118b,7
711cac28-eead-4e2c-bb79-3e89b3a0aeac,9
ce06f7f5-4e69-4241-8a61-57c7382d6ca8,9
3904b653-b67b-4e0b-8250-db0dd1e87bb0,4
8bbf8e53-3af6-4221-9a08-07f9af9c9d5e,3
7f2da615-1659-4199-9418-c5e479f48352,4
0209c104-11ea-4acd-a27a-70c48351b90d,7
50600fb7-1560-47f9-8c5e-920c17aa3bd0,4
6bbb474f-f4b1-41c2-91ad-a7716667ecfe,7
7365e216-93c8-4813-af56-de193266a0ca,6
c46d868a-ff5f-490a-a2d1-5fadc56f082d,8
6fbafc4d-d23d-4aee-8174-c5c216e939b5,1
3423d04b-e301-48d8-9dc8-33fcb2ca2098,9
9b04a21e-b434-4823-8e7d-2f6775a3e478,5
d0780d2b-0d58-42ec-9848-1f99328a0957,7
b8bc647f-c836-4a71-894d-56e3fcb5e038,6
e417796a-1a5c-4587-a89b-54099c7e4bcc,9
68efdcf9-3a17-4fe0-a755-b506ffd01625,3
80fd98e4-7ea5-48c5-9cde-ca718be4dba6,4
d63a4a26-03a9-4650-bc8d-a8154d6681bf,10
43419015-33ec-4337-bf5f-0abfc6ebff67,8
6b1d041d-5bf8-4c0b-9852-7b7cbe58b639,6
619edc11-599a-4516-8a93-267c4a82bc6f,4
7cdd42fa-0c74-446b-b7af-303476598324,5
2716cccb-cfed-4e36-a353-5d7948b7595b,6
0439c62e-5605-4202-904f-b6adb1029bfb,4
0ef7a68e-2e54-4dc4-8b0f-fd8eb31581e1,4
dd6b608d-d0cd-439e-a4fe-f35858600a98,8
3e214955-9c7f-42c7-8b45-9e21107a7ff8,10
e45a5ece-ac26-4719-98b1-388419777c1b,10
d845f16c-30cd-4e93-80b1-d47028e88161,10
2d5ca2ef-ba16-4f72-b325-6addd0aeda3d,8
16a98e7e-1724-4247-a600-1e5ff5fb74f7,4
c6fc3f28-79b1-49f2-9e06-81056d978db6,3
300b6cdb-171e-4b19-b45c-0ecc5511b088,4
910d8458-9d1f-478d-9f55-9d963b1c5a13,10
869fff69-85b4-49dd-b615-c35c824ce4ba,8
a4bcabc7-e2f6-46bf-835b-39dce156360b,8
3eafdf1f-5edb-4c37-ad01-5218f84dff62,6
677d67c6-6d30-4631-82af-d7e06203a77a,2
846894e7-0c2a-4209-8778-beb5720cb5de,3
3258fd83-dcb3-44e9-a607-14af61802c3b,3
9109732b-37f4-46d8-b01c-98ca6eada20c,9
c9991d12-9012-4eb7-bfb2-bcb18968daff,2
eeb82493-c05a-4b4d-9b20-6c52ffdf5ba1,6
fcc315bd-7d3a-4bb8-bbde-fde0bfd63ba9,9
ee73e64c-c2bf-45f5-9ce6-dff52804ac01,5
01d4632e-f94b-4dca-a8d2-3502f8544224,1
d527a5a4-f9c4-4a5b-9f2b-4213be4a4c43,3
f269017f-c3a4-4f20-b9d7-0713340c470d,6
149dade8-74e5-4847-adf0-fee911d66b5b,6
76498057-2783-4df6-a071-78c4916eead5,1
8f12d309-a03d-4f9e-a8b4-bec7bab6bb22,9
134a020c-d735-471d-9791-c7e2fb34e4a1,2
547f3665-35bd-41f1-85cd-5963b4ce65da,2
f0a4959c-c14d-4c2a-a97d-73e6bed89fb4,1
4f623686-aa26-4b5b-9363-1c473e7f77fd,4
d7d9f01e-4199-4ea3-91ef-63d74d8062dc,9
6010d6de-4182-4730-b0a9-a2c4effda9b4,9
82d702bb-6cdd-4311-9e83-44e0273a2d60,5
154a2335-b2a0-47dd-ac85-e6a4e46da2d6,5
18d302cc-2c3f-4dc8-8b31-3e6b2b610913,1
a493f92d-736c-4811-85d4-cf0a6f751c75,10
950c6d68-f696-4b02-99e9-958dc7e7a617,4
0e0794bb-476a-4b03-ad1b-96ad8cd1aa72,8
1cd55177-8a5e-4581-8bbf-4adbe8c23705,4
795eeb99-3c8c-4554-822c-97962cb1d1ce,3
86156bd5-f469-4577-a59d-bafa8a76fd27,2
2cfa503e-71ad-4ccb-8a2b-602372b4b1e3,2
f1ab510f-6173-447d-a35d-f0adf6e64c65,3
28138bef-c65a-42cf-a29d-c29386e9dcdf,2
d7775c05-8db1-45f5-9c30-19757264accf,5
9d58f088-8d7f-46a5-ba98-e1f504102572,3
4e54abba-6005-4ac4-bfc5-78f88676e5b1,6
c861d01f-781c-4c50-868c-8368b84a4f20,6
576ed29b-b6b1-4b4c-83b9-d61b8c494165,6
6f730255-72df-4dab-b881-9ce91b65a1ec,3
cc84fb47-ad69-41fa-9eaf-501f57a5e7ec,6
1c36c735-4a6d-4197-8b75-35ff3ac2f973,8
a2a6a0e4-2865-42ee-9e2d-9b6075a12617,8
c2627aae-af07-480f-80d7-a7ca313a6732,7
aa8943c7-cc94-48b7-9aaf-03420bfb0205,2
a9d50e32-08ae-4a2f-b28c-d380ba39f998,7
26b4b0d7-c162-4632-8573-63683a6b40fa,8
fc191299-a932-45cb-8b85-755d1b413ab1,3
79d5c796-593d-47a1-9f32-1c945fe3c5b0,4
95a563fb-7658-491f-8750-63be1922d982,2
96590f88-e2f5-47ba-a7ad-a3bd637d34dd,10
93022451-e586-43e1-a9b3-04614caca87c,6
4a9b380c-af25-4f43-bb49-d2fdc8e40a6b,10
69168355-7d33-4c2b-8b14-27464584cd9e,10
e7d3bf5a-f177-4c29-a7a3-51451872795a,3
cc07859d-936b-4cba-9029-82e049c1e8e0,1
813bffbb-0205-4ea5-a7b4-b9fa69a878f8,10
2e0033c7-290d-432c-b0b2-90f81bc29a89,2
e61907e7-1c31-4b1b-8464-1135309017cb,10
404519ea-fc49-4d85-a318-b2476c28efca,1
390cc706-d7fa-42d5-82c1-27da0e335909,7
29a5dafe-5aab-44e3-87d0-9e24638ae989,1
732ea3ad-85eb-4e3f-ae51-5b71f0251ba4,5
111164c6-8d07-4588-8cae-fa5e1bf94830,9
8f7ef234-19f8-4f36-b7db-952feb2f7a67,5
5d56c496-625a-4c79-ab3c-b72ec32fb183,4
a9c10892-932f-47ae-a2cc-3c67edb44abd,4
b87c6197-5589-4149-b607-ff7c2a59629a,9
5e8c922a-1574-47cd-a3b0-771537802bcc,9
2037f47f-e032-4052-ac39-e2394683d7a5,8
7e4a0560-4aea-4d29-803b-162b2319aac5,1
036d841a-615c-4a06-8e63-2dc06c99c2af,4
24665922-d2fb-4ad0-997d-d938d5240016,9
9f489082-e56d-4df4-b382-484569e1b663,8
303fa9db-26ce-492b-aaef-79a0d16c3889,8
4c320ddb-ce1a-422e-89b4-4e2bcc640d36,2
4ad4cc0d-f08d-4446-a49b-7ee402ae05af,9
1c56d7ad-28b0-43b5-9956-aeef51bbdb20,5
7cb54426-c456-46f7-b6a6-36fe8caeb4d6,8
a4694b8e-3ffc-42cb-914c-73ff8dc818fd,1
c3b5be95-959b-4ab0-9bbf-cc0cb7a99392,5
28c5d592-5f1a-49d7-8a2e-a442cd111745,10
6324a346-7c1b-47b0-ba21-5aad8487036a,1
38986c02-6f85-4268-8a75-f6ad25d5454a,7
4772ac7c-5f0e-4c48-865f-153cc0b5dd24,5
2709ce66-fd37-46c6-a94e-c76435fadfc4,3
bca1a56b-3034-4e64-b31e-349d835608ed,5
90c9e753-f1b9-43b5-9fcf-38eef6bde232,7
c51f5c8c-1f86-484f-badc-e7dc4d79fed4,4
fa0309d4-cb49-47b2-821f-e620d9cf098b,4
64cf3d77-ae41-4759-bb14-dddef35c1898,8
57c7e1c2-7b89-471b-b244-8cbc0cdec618,9
57c7e1c2-7b89-471b-b244-8cbc0cdec618,6
1a565ffb-113a-414a-9b53-afa2f74c8952,1
1a565ffb-113a-414a-9b53-afa2f74c8952,9
24440103-b4b5-4e9c-9eb6-6e08130a6de7,6
35890276-9b59-409a-b641-5b5f4cecd6f8,6
89c8cee0-25ce-4ce2-8d6f-4c1c7dbe9b3f,1
e56de603-5fa4-4f1a-9148-4caef43731e0,4
2f3dc083-3af7-4a5e-a020-2fbe87e840f4,4
10425770-75cd-4ffd-b292-360b135e62f3,8
9e882f0d-2373-4864-8ce9-e7c155469c46,10
6bb46dee-1f97-43aa-ad9e-adbb06893672,4
b153d728-f730-4867-b001-c9ebbcd7df73,6
320902d4-c1a9-4c66-9d41-df23a5e3baa3,3
3db08196-e27b-4207-b183-ec0b0fe63b22,5
5d955288-5209-48d3-8967-634ee946cc5a,8
2bc479cc-525a-458a-8607-66f7cefd28e5,7
b19579bc-e539-4213-bed9-423ca41840b8,9
7a82e5c9-059b-409f-86c0-9b15e5af5118,9
2aa33f20-4c4d-4226-aacc-f348d63b4576,2
94a8d0b8-2328-4ffd-93fd-207a525bf5a3,7
d650b9b7-2f84-498f-a5a6-7e275879c619,8
9d439aee-eb8d-42f0-b521-a0259af0e6a5,8
18753843-5780-4be1-ac03-94ef796bb3d3,9
94a9f797-b64b-44f6-8e8b-c90ab8ac2e50,2
4d5c79e0-434e-429c-ba2c-367187c51652,6
19d31596-bb52-40da-a24b-a457a165333e,10
a4f5a395-ae07-44d3-a62c-6afce0e0b65b,9
a4585036-50a6-47bb-8250-5614be2135dc,10
d718b92a-7c91-4e82-a8d0-9b16bf706c93,5
01ad3706-4f5a-4b4a-b6a9-12bbf3bdbc24,4
a4585036-50a6-47bb-8250-5614be2135dc,1
8d3d40e3-d9d7-4496-9c56-1919de8e2d67,4
ff69fa25-9e06-4b2a-92c6-55a852cfd030,6
7d04cd58-022a-46ce-8f43-9e45d51e63db,1
1f5b7afd-9200-43f6-8802-925922311a25,3
f27b5799-71c3-4c6a-9c2a-626b8078d821,4
92aa95a0-74bf-4678-ae73-60e9ee050722,9
de89df23-9501-40ee-bb74-f318a4ba7dff,2
316cbde3-f9e7-4a01-a20a-5fee3d86b1ae,4
4c8b4298-0bac-4901-9ac5-7b492ffc77e0,4
c3ae374b-9987-425e-a47e-388d332d0099,4
128c5cee-696c-4fec-bdc1-19fc0fb6797f,8
96baa500-363e-459e-affc-12c664132e54,1
33395dff-fe80-4a02-89f7-588bd7bbc3e7,2
ac393b9c-42af-4c34-907a-da236565385c,10
2dd71f3e-89fb-49c7-a777-9fbb44dcd0e5,10
89fefd5f-1359-4058-a9cd-46220e040373,1
962cc57d-97fa-4393-847f-58c735fca55e,5
ce6024ae-2a5a-4c58-9d5b-d37521324f2c,8
e3db8c15-334c-46a6-ba9d-da04606d0770,4
6afa9065-f883-4470-bd42-3e414b40bd03,3
c5059482-450e-478b-bc4d-0df5698f0050,8
6fdb4ad2-6a19-4f84-ab57-5a5ed87dfdca,3
677c2fe7-3ef9-4260-8fff-73e83b898af1,1
6ee4ec50-73ce-4f2a-88ef-b0882bdfec15,1
b1f90955-96d6-44b6-a629-68a04a9bfbf1,5
a4bb3c79-222e-4033-bbbf-3111f3611c2a,6
4edb163b-095a-4c1a-a460-abe89abc2da6,6
800ca513-e961-407d-824c-b0ffcef4ea90,7
e7a5d12a-17ce-4093-a847-6fedc8c01f97,9
3fa5efba-4e88-44da-8092-41dd09b5d5d5,5
d84a3a2c-c914-4a82-ba43-23f37c2c6eab,2
b5917cf9-7e5c-4e18-9f47-4de097f6873f,5
b5917cf9-7e5c-4e18-9f47-4de097f6873f,10
91da6b6a-1ac4-4482-958d-e3f3707755de,9
481beb6c-9b24-4726-b0e9-ec4635401e48,2
22e38708-af6c-4d86-b627-f8610c9fb117,2
16f49dd0-2414-49a6-9bef-7bfc5b90bee5,8
8a517703-20ad-457a-9390-77c89f3079fb,10
46479cc7-7fe7-43f3-a1fb-59aad12ff665,10
46fdb8c0-ffa6-48c8-8ba7-02786170a50a,4
3914ab17-be4f-4838-be85-c3552fafa460,7
64cf461a-1d2c-435e-88f4-0abb4e1b195e,8
475fb85f-8910-4825-8f67-864d28119fff,3
c29f7dcb-e096-4f6f-9cc7-0453c3872657,1
1eaef7d8-2d8a-4a19-b8fd-1db546a97940,4
56aa6649-f269-4101-985e-a5e8edbb7dc1,6
f1161f8f-574b-4f55-b0d0-f9b6ccc5bc35,10
c752f4ac-de9a-4b74-a47b-2978bc20c203,5
f298e5dd-c3a6-4cbc-be87-4023055748ca,5
4b609e93-c1f8-4c8d-988f-2490d65dfe63,7
6c5c7932-d4e4-455a-93a1-a4ce1c505940,5
9dd92c2d-d529-4a2d-ad57-eec839b8f844,5
dc725236-babb-4f0c-9bad-4f690d046dc8,4
b9fa0713-c01b-4860-aa40-339f8a5e4e9b,5
5c37c9f9-9d45-46bd-a951-619610a2764f,5
1fa3190b-15b6-49b5-9c44-ed3dfda01a46,9
2909e41b-2b17-463c-9ff2-88fbddc28a9c,5
3ba7fe19-353e-41f8-be09-99c19042a622,4
12d003f7-34c7-4d2b-9cac-e2091d9679b5,8
803dedb4-4043-4582-aa07-b2bcefdb6a54,6
c8447536-4a6a-454f-aa91-32fa88436d4c,6
d221438d-17f7-4cdb-9551-0263313fd9c0,1
2de49758-9b4c-497f-8a26-e3096008b652,2
17620f12-d8ad-45ac-a389-a479b704fd3f,6
595323cd-3d02-41cc-b766-dc791336c684,10
5f1a41a9-4fc3-493b-b8ef-fef6c5b450cb,4
863b7044-5e10-4c1c-b1dc-8baebbd31f7d,1
7eb03315-6170-4751-93f0-55f22e310d05,6
ab94cfc4-0d65-4bec-a338-5ff4db04c3fe,1
997ac6da-dcec-432a-8ccd-d35796356df1,2
dd5e07a7-d4ec-4edb-8d7e-40ef51098fa0,3
b60f1739-a40b-4661-97d5-a556d477a351,5
3c533eda-1518-421a-8513-0a95e92b0bc7,3
c7b5a533-1223-4bae-9daa-bf19ed973716,1
2855b4bb-3478-4920-a5e3-6365203ac4cf,4
a4bc2f7b-8429-4c8b-95d5-ce2b1798a8f7,3
8851aab5-5ed4-476a-8244-c54d430a81af,1
868ed3ec-27dd-496b-9d28-48ea18710c1e,8
91677f3a-6373-42d5-9a5c-8a9951405e1b,6
ea7a3c3c-d29e-42b4-a6d2-3de5c2434709,10
237cb2ae-b5d5-48ca-bae3-95932a19fb46,1
b05089e8-4491-44b8-819e-920d85b76878,3
28c29980-8b3b-4745-909e-e3334e2e45ab,8
9509be9f-8b10-472a-9ab6-2186cf5a4faf,3
774ed948-3968-4161-b0c6-6998e195cb87,10
e9232972-7d36-4406-8493-2c5f3a34d6d0,3
77d79e5c-9916-4b1b-b47c-fdf7c8a7209f,4
409b272c-14b3-4977-9c98-9ee2eaf05e3e,4
f02feaa8-9134-44ed-87b3-f1c9a427be77,3
1c4718df-05db-422a-89e8-af1b818f238f,4
f2131ec4-22f7-498f-b180-e4a5f0d39d77,5
5749f91b-02a4-4ad7-841e-613b3a29d9c6,2
43048b87-1a32-4bb7-bfbf-832083b65866,3
0c2065ba-2e21-4a2d-8e2c-e57bbc4d62a9,10
0c42fd0e-5350-4bd5-b6e3-74c40844d2e7,2
af7cd1f0-dac3-425a-a9c0-878449ea5a5b,5
7fd6fa1a-ed90-45dd-ad8d-ec81062d1d4f,7
39224c85-d724-4152-89b2-dec44afcf57c,9
12a0d958-9450-4564-97f9-69ccc9d40742,3
889fb58c-f1cc-4766-a3c9-d86206b33154,4
c51f5c8c-1f86-484f-badc-e7dc4d79fed4,1
fa0309d4-cb49-47b2-821f-e620d9cf098b,1
90c9e753-f1b9-43b5-9fcf-38eef6bde232,7
c51f5c8c-1f86-484f-badc-e7dc4d79fed4,1
80fd98e4-7ea5-48c5-9cde-ca718be4dba6,7
53e9a786-7bfe-40a5-a94e-f76e0197886d,4
aa4120e8-6b2f-4bd8-8967-083d029785fe,4
f214ce05-3234-48b9-b4db-f4ad0ccb32a5,9
d5fc3fe9-a5b1-4468-abe6-ab710dc19faa,9
aa187e54-0df7-4680-a520-31e11a11c68c,9
91d02ed5-71e4-4197-8c34-f13617d1dc73,3
a34149b7-647f-469d-8af5-f7ab4232c39d,4
7ca49d65-1041-4590-9b3d-e3fff13dceb0,3
248b27af-3d88-4fad-95a6-3e0e2b199cac,1
99e8c372-528d-47c8-b755-a7bd6ca91b2f,9
029684b7-ded3-4a9c-ab99-46c94f5a30e4,9
e81efc3c-2495-4372-916c-0c02e9841cf8,4
d7ad511e-eb12-42e3-aca9-5b3ebd129817,9
26121c10-d327-4a75-b7e2-8168a1183f30,3
91a152c5-ce6d-4703-a984-e135eda8dbcf,9
d11fb794-31bb-46fb-bb8d-f9034162874b,5
a8b81a81-22bd-4ed2-a864-7fc098cf64d9,4
ebb283d4-2bcc-4bde-aeeb-0fd0a380e131,1
09f5001d-0fae-4c2d-a96b-91a13fbcf01c,5
64e32277-5064-4c6c-935c-1c1b1ade072c,4
177e2eb7-b8e8-4e12-a65f-bc8ff0bd1041,7
1718cb2d-3a03-4e79-93c8-8e5bd410aaca,10
6476bdff-a1c9-49ad-96ff-a719ff9525cd,9
cbb76802-7fc5-4cff-a9a9-3dcdf15836c8,1
4113b9d2-9446-4626-b988-8c0f501273f4,9
87e377ad-c766-45a6-aa8c-999413b9ab28,6
c8c7733b-52c5-49ab-a08c-7a0448a2bd8a,10
046896cd-268a-409a-a586-f56eb580aaa1,1
7f20fbd8-880c-4941-b181-23604bef7d08,10
9803d928-9e9f-4bee-9e43-965e6bc88b70,7
1ab303a8-114e-416d-8826-545f60c4cb53,6
40680eaa-a23a-41f2-a80e-4084a43487dc,4
446fd318-c824-4402-ab56-53983e783dc6,2
657e4c5f-5ad5-4ee1-8e9e-b1a36c3ce616,9
133cacc4-69a3-404b-aae3-fc76cfd77d10,1
80fd98e4-7ea5-48c5-9cde-ca718be4dba6,5
4d209638-df72-44a8-a740-c09e7027f49d,10
d36b164a-b6e4-413b-bc59-af427532a3b2,7
6e5b7fe1-0d88-4ec9-b58d-5487fbcbd396,6
77d7b091-0a00-4cda-a363-f1902a0f84db,8
151dc182-826f-4421-8720-05cb1a6630a4,9
2bf82ddc-2124-49e0-b6f2-7fd80a31082c,9
0a3125e4-ef53-4de6-a096-5e1bb8af4114,10
d8622c7b-d6e9-4f62-be18-ddc813e8dc56,3
b4acea99-3e5a-4cf5-83cf-823c5922a643,9
d3f7a575-72e6-4ee7-a443-9094a73e67f5,7
3feca953-c8b0-43c3-9729-721fe33243c4,7
3e80c4de-2280-429f-a644-47071c9fe710,10
0f25893d-7659-4753-a01f-1d6de5862429,2
3685c359-82e9-4a51-8040-d89b475e097c,7
ae31c261-95aa-43c8-a13f-7549c24dc625,9
f144e4b7-b695-4904-aef1-03d2ae825667,9
8cdd4d8d-3fd4-4adf-a1ad-b7621edb2dca,4
70e918c0-445c-4913-b31a-394aaadf4285,3
bcccbdeb-1e63-40ba-a752-917cb162dbef,4
7090433d-6833-48a0-8545-c6d660bce850,7
ffb3f384-065a-4d5d-afc8-a2c054881436,4
5d33d8c4-d397-48f6-9ae1-f8dd46a77601,7
5d33d8c4-d397-48f6-9ae1-f8dd46a77601,6
aa8943c7-cc94-48b7-9aaf-03420bfb0205,8
c18ea1ff-f595-4da1-a6c9-bd6945f514df,1
c18ea1ff-f595-4da1-a6c9-bd6945f514df,9
35890276-9b59-409a-b641-5b5f4cecd6f8,5
f19a5f30-3738-47bb-b6b3-9a43a19b76a3,7
3fff75a7-f486-4a23-a9fa-2b059f726bc2,6
472532bb-0b6b-47f1-8450-ca1ff4c994cf,9
304cfc1e-ee25-4657-bb05-ad14cf8e5d74,3
0097dcd9-2c6e-4f6d-8c5b-96034c4f45cb,4
8fc8c5b4-d62b-4e71-b55e-75d8d03ab5df,10
5c9c075a-ae01-428d-be33-706653d79b39,8
396bfeea-7a90-493f-a602-c553d498785e,6
43c5441c-8135-484c-b46e-bc15516fbb3e,4
be64654d-da02-42cb-aec8-cf1997c92d29,5
673dd6b1-4a2f-44ac-8724-aed9bcab5764,6
0f81aa15-796e-4ec2-b026-20ff81bde964,4
6df434c0-76ae-4896-a025-dbcb7a77ca52,4
cd435ef2-7cd4-454a-9364-885a87229f13,8
2ab6120f-c14f-4974-9373-2c989873056d,10
7790d2c7-1372-4b12-a3e1-2dfb503d99d7,10
2dfde588-ba7a-4027-bb3f-8b49135369d1,10
f7e01a53-658b-4abf-906f-a3b2451c456f,8
9e93b1e7-73ce-4cfe-8f33-85179ac74f34,4
6ad58d86-cb43-4df7-a2b7-16b02988d410,3
8e1e7c77-3e84-4123-ae8f-d615f7df2bd3,4
8cede0d5-fc51-4d63-bfdd-c3cd54cada19,10
0ad224a1-9b92-4b33-ad06-5dfea3fecbdc,8
e6f60d9a-32e0-4d82-b6ca-deab51ee83b3,8
62b9b55a-0f81-4f7b-a87d-ab3ec8bd5206,6
afb44d96-e271-4af8-a114-111c204bd09a,2
dcb4dea4-8e8c-4f45-a305-bd8d595341b7,3
fd7f7529-6ef8-42da-809f-22649dd7b1cd,3
df78792a-e8ab-4af3-8fc9-1a17693a43ef,9
049e0c81-e7e9-4bff-8139-e95f5af3342d,2
3f092aab-1d91-418a-8dbd-c6fd3ca657fc,6
a22c85d9-96a7-412a-8594-d0d4902bc78f,9
5d33d8c4-d397-48f6-9ae1-f8dd46a77601,5
35890276-9b59-409a-b641-5b5f4cecd6f8,1
35890276-9b59-409a-b641-5b5f4cecd6f8,3
f84e4b2a-c61b-491f-9e1a-2ff43f3dc9cf,6
3140b0c1-9b53-4a33-85c0-c6699c93bb4e,6
a4585036-50a6-47bb-8250-5614be2135dc,1
4ab21695-3407-44d1-96c1-864185302704,9
b1ac3d13-3714-46c4-93e0-a93d084c90c5,2
3bfdf5dd-8416-47c6-ad77-4e48fd5e282b,2
f36c8a34-fb4b-49e7-b9cb-3c2bd7b39cbe,1
9d147761-7d03-404f-a7a7-71399eeb8dea,4
520c4dcf-b9fd-4415-965e-01d81a6e1439,9
375a83ab-157b-43e0-8c14-8c47ecf877ef,9
fbf6e2f9-36cb-4b5f-9531-1524277369e7,5
c3290713-b9c8-488c-b8d2-22d299553b3e,5
02f7fad2-23ae-4b0a-a589-fab71e42f986,1
bc309e4d-8a93-4698-a9b4-9a29e7eaee2b,10
ccab8b6a-fb5e-48b7-b9d2-f51ef4bafea4,4
0df1f584-c238-44df-bd6d-b9f1f8ef9b93,8
19b1f525-6b0e-466c-a8a6-1e031301aeb3,4
8c6c0ec7-ef57-474e-bfd4-fbe0b3dc4cce,3
a562fc8a-810b-44dc-a086-b8ae95ffce6d,2
dfffb3a9-21b3-4e74-b647-d8a05900942d,2
10026313-2f53-447f-92e5-e500fbcdb22b,3
894e26bd-7ed5-4680-9988-f16e03a6d595,2
e54e2680-91ce-42ff-ab5b-8e9e6451fbd1,5
73bab8fd-474e-4e9e-8949-9823a7928c30,3
ef9569fa-9e09-472e-8c12-c67ac158815d,6
2465df0c-078e-46ec-987b-cbb97c91caa4,6
81be5b02-889c-4a11-8ca7-ee0fa692739f,6
7473a9e7-c365-4fdb-9360-d6145a0364c7,3
ca08d121-2e87-4063-9f13-cb3a7d8cf599,6
b41f1019-cef1-4ac7-a8d5-4e4aacd73b2c,8
f4d55e49-37ff-4153-9e17-19615dccda63,8
4d209638-df72-44a8-a740-c09e7027f49d,7
305f2737-9333-43e1-a1d2-21f61226ef75,2
a9bf598f-295a-46d7-8232-6fa441fa23b9,7
a3144818-ed35-4556-89a4-f5221790627f,8
c2356763-aa66-4520-b1bf-f918cb2e4b34,3
e7e0bc28-aed1-4e37-b894-c3380441db9d,4
21786e3c-0a73-424c-be5d-3b0414149a9f,2
fc59b54a-d14c-4886-bd60-db87402f6458,10
d97cc843-f2ff-445b-bead-e152c854d63a,6
b4b1b996-3d34-4da7-98fa-ce273f15038d,10
db3f6020-7318-4db0-857c-f5a2d370a9df,10
d4bbc71d-0577-4686-bf01-b83b380fd92d,3
9e194e55-2201-482a-861f-6da1abb7e165,1
5898587e-5e10-4003-a8d0-5d639f90fce4,10
df62c273-a378-4ab3-adc7-a3a58b03c9d4,2
c55b606b-7010-4f26-8fa6-b27373d6c2f3,10
2230e0dc-1d96-47c6-aca1-3318fa5ce5dd,1
20fa7b50-7c4c-4366-9ae0-426d3f46490b,7
aff993c5-4b5e-45e5-ad47-064ba4e3fc16,1
d0a2dba4-a3f1-4212-be51-419e476d8ca7,5
b340e54e-01b6-4be4-9cb2-3eb28f43802b,9
e6b738a7-6910-4cde-9080-6e9fb1bcc2aa,5
078ce125-49d9-417b-9013-5e08c9d668bd,4
1bee9565-584f-48a3-8b50-c2078a21ef56,4
cfb76425-b144-4463-b119-3c7feedaf4e6,9
918e7b31-6f47-4405-9693-79f0d7de57f0,9
9ecb3436-6363-4b85-aefb-01ba8b2d1148,8
7b609361-15ee-46fb-b124-022382a52281,1
218e5624-dc0f-4fa5-b680-f901141c0501,4
5d8deb31-315d-4bf0-8f8b-39413d9ddb2d,9
c9085109-c50c-4e08-bb95-67bec5470617,8
13d1aa1a-94c2-4aff-be87-fba2279e419d,8
c64ce8ab-f9f4-4e2e-bd9a-5ef8efa77090,2
7a9db797-15a0-4422-bb8b-c5ed1664b56a,9
574b8417-0d95-4221-bb32-48a664028ffd,5
